timestamp,light_intensity,temperature,humidity
2025/9/7 0:00,19,17.1,83.4
2025/9/7 0:05,43,22.2,78
2025/9/7 0:10,42,18.2,77.6
2025/9/7 0:15,26,16.8,79.5
2025/9/7 0:20,15,19.2,68
2025/9/7 0:25,26,19.1,79.4
2025/9/7 0:30,3,18,85.2
2025/9/7 0:35,22,19,73.7
2025/9/7 0:40,13,17.5,86.7
2025/9/7 0:45,9,20.7,77.3
2025/9/7 0:50,2,17.5,73.3
2025/9/7 0:55,18,20,68.7
2025/9/7 1:00,4,21.6,79.5
2025/9/7 1:05,4,19,77.5
2025/9/7 1:10,17,19.3,76.5
2025/9/7 1:15,32,19.1,83.9
2025/9/7 1:20,38,23,74.7
2025/9/7 1:25,21,19.8,76.3
2025/9/7 1:30,45,19.4,70.9
2025/9/7 1:35,4,19.2,76.2
2025/9/7 1:40,32,19.9,79.2
2025/9/7 1:45,27,18.1,78.7
2025/9/7 1:50,41,14.1,88.1
2025/9/7 1:55,17,19.7,80
2025/9/7 2:00,18,14.6,77.2
2025/9/7 2:05,2,14.2,95
2025/9/7 2:10,45,13.8,84.7
2025/9/7 2:15,12,16.8,86.1
2025/9/7 2:20,18,17.9,87.6
2025/9/7 2:25,42,12.1,86.5
2025/9/7 2:30,34,14.5,83.9
2025/9/7 2:35,9,14,94.2
2025/9/7 2:40,17,14.6,88.4
2025/9/7 2:45,28,11,91.9
2025/9/7 2:50,45,11.8,95
2025/9/7 2:55,45,15.8,85.5
2025/9/7 3:00,8,14.5,90
2025/9/7 3:05,33,19,81.4
2025/9/7 3:10,36,14,80.8
2025/9/7 3:15,42,15.8,93.3
2025/9/7 3:20,13,17,80.8
2025/9/7 3:25,25,13.9,95
2025/9/7 3:30,14,14.4,85.2
2025/9/7 3:35,48,13.6,90.7
2025/9/7 3:40,21,13.9,90.5
2025/9/7 3:45,16,16.3,76.8
2025/9/7 3:50,29,16.4,78.9
2025/9/7 3:55,26,16.1,86.2
2025/9/7 4:00,18,17.4,78.4
2025/9/7 4:05,46,16.6,95
2025/9/7 4:10,35,15.1,85.7
2025/9/7 4:15,5,14,86.9
2025/9/7 4:20,14,13.2,88.1
2025/9/7 4:25,18,15.7,78.6
2025/9/7 4:30,31,20.1,86.6
2025/9/7 4:35,49,11.5,91.2
2025/9/7 4:40,22,12.8,95
2025/9/7 4:45,13,18.9,81.2
2025/9/7 4:50,48,16,91.8
2025/9/7 4:55,12,16.6,79.1
2025/9/7 5:00,2,13.7,95
2025/9/7 5:05,24,14.3,79.8
2025/9/7 5:10,32,15,82.7
2025/9/7 5:15,43,12.2,91.5
2025/9/7 5:20,1,16.4,83.5
2025/9/7 5:25,32,20.1,67.6
2025/9/7 5:30,48,13.7,88
2025/9/7 5:35,1,13.1,92.1
2025/9/7 5:40,31,16.3,86
2025/9/7 5:45,9,17.5,84.3
2025/9/7 5:50,19,14.5,91.6
2025/9/7 5:55,21,15.9,87.7
2025/9/7 6:00,25222,11.2,100
2025/9/7 6:05,23416,18.7,84.8
2025/9/7 6:10,24820,13.1,91
2025/9/7 6:15,22513,13.7,86.9
2025/9/7 6:20,18764,15.8,85.9
2025/9/7 6:25,17745,14.8,86.3
2025/9/7 6:30,24617,14.9,81.6
2025/9/7 6:35,19146,11.7,95
2025/9/7 6:40,18791,14.9,86.8
2025/9/7 6:45,16691,15.7,84.4
2025/9/7 6:50,18627,16.8,83.4
2025/9/7 6:55,20050,16,83.8
2025/9/7 7:00,21013,24,75.9
2025/9/7 7:05,23843,20,82.4
2025/9/7 7:10,22274,17,78.2
2025/9/7 7:15,23692,16.8,84.1
2025/9/7 7:20,26413,22.8,79.2
2025/9/7 7:25,20842,20.4,71.4
2025/9/7 7:30,24268,20.5,68.8
2025/9/7 7:35,20243,21.5,76.8
2025/9/7 7:40,29975,21.5,73
2025/9/7 7:45,25865,17.6,83.8
2025/9/7 7:50,19192,19.7,85.7
2025/9/7 7:55,23532,20.5,82.5
2025/9/7 8:00,20694,18.5,83
2025/9/7 8:05,33117,18.2,78.5
2025/9/7 8:10,16999,22.8,72
2025/9/7 8:15,29731,19.3,85.2
2025/9/7 8:20,25923,21.1,77.8
2025/9/7 8:25,25830,21.7,67.7
2025/9/7 8:30,20273,20.7,76.1
2025/9/7 8:35,30967,18.2,77.8
2025/9/7 8:40,21759,18.1,79.8
2025/9/7 8:45,20617,20.5,65.3
2025/9/7 8:50,28676,21.6,74.5
2025/9/7 8:55,24851,17.9,83.5
2025/9/7 9:00,42770,19.1,87.1
2025/9/7 9:05,27556,22.5,68.8
2025/9/7 9:10,23361,20.1,69.3
2025/9/7 9:15,30180,19.3,78.3
2025/9/7 9:20,24515,20.1,85.8
2025/9/7 9:25,34114,18.3,80
2025/9/7 9:30,26445,22.4,69.5
2025/9/7 9:35,20980,17.1,86.6
2025/9/7 9:40,26904,18.8,76
2025/9/7 9:45,26175,19.1,76.1
2025/9/7 9:50,14484,22.3,72.9
2025/9/7 9:55,23736,20,78.9
2025/9/7 10:00,35381,20.5,68.4
2025/9/7 10:05,35478,18.7,74.4
2025/9/7 10:10,29065,19.6,81.3
2025/9/7 10:15,21366,24.7,62.4
2025/9/7 10:20,28147,21.9,77.3
2025/9/7 10:25,41226,17.3,76.4
2025/9/7 10:30,33086,19.5,78.7
2025/9/7 10:35,31004,20.4,77.5
2025/9/7 10:40,29962,20,78.9
2025/9/7 10:45,45283,20.1,82.1
2025/9/7 10:50,27671,15.1,84.9
2025/9/7 10:55,42729,19.6,82.2
2025/9/7 11:00,28806,21.5,67.9
2025/9/7 11:05,43006,21.1,82.1
2025/9/7 11:10,31588,20.4,81.1
2025/9/7 11:15,29007,23.8,73.8
2025/9/7 11:20,44009,18.4,83.7
2025/9/7 11:25,28545,22.9,78.2
2025/9/7 11:30,27591,19.8,68.9
2025/9/7 11:35,45472,12.9,100
2025/9/7 11:40,38367,20.9,77.4
2025/9/7 11:45,27022,24.1,68.8
2025/9/7 11:50,28073,20.7,89.1
2025/9/7 11:55,38668,27.3,59.5
2025/9/7 12:00,36253,29.6,49.1
2025/9/7 12:05,50685,24,70.8
2025/9/7 12:10,44114,23.4,89.2
2025/9/7 12:15,46562,26.4,51.7
2025/9/7 12:20,57558,27.3,51.5
2025/9/7 12:25,43125,25.4,56.5
2025/9/7 12:30,32582,28.9,59.1
2025/9/7 12:35,17789,31,37.6
2025/9/7 12:40,27303,26,56.2
2025/9/7 12:45,37471,29.9,56.6
2025/9/7 12:50,43485,23.7,72.4
2025/9/7 12:55,37009,23.5,75.8
2025/9/7 13:00,54254,30,58.2
2025/9/7 13:05,37933,28.8,50.9
2025/9/7 13:10,50598,24.1,65.1
2025/9/7 13:15,39745,23.6,75.1
2025/9/7 13:20,27722,32.7,49.5
2025/9/7 13:25,47206,26.4,56.9
2025/9/7 13:30,34692,29.5,44.6
2025/9/7 13:35,48458,28.1,48.9
2025/9/7 13:40,57277,28.8,60.5
2025/9/7 13:45,62420,22.5,67.4
2025/9/7 13:50,52418,25,62.8
2025/9/7 13:55,53020,25.7,51.8
2025/9/7 14:00,36455,36.2,38.1
2025/9/7 14:05,46611,26.3,58
2025/9/7 14:10,55343,25.1,60.7
2025/9/7 14:15,41986,25.6,67.9
2025/9/7 14:20,50692,30.5,40.2
2025/9/7 14:25,55297,27.1,58.9
2025/9/7 14:30,48422,30.4,55.6
2025/9/7 14:35,54560,27.2,47.3
2025/9/7 14:40,48867,28,58.1
2025/9/7 14:45,46205,25.6,64.1
2025/9/7 14:50,44644,30.8,46.1
2025/9/7 14:55,52979,27.7,52.3
2025/9/7 15:00,44388,26.2,56.3
2025/9/7 15:05,43647,32,47
2025/9/7 15:10,44770,30.1,53.4
2025/9/7 15:15,42900,26.4,64.2
2025/9/7 15:20,38713,32.2,41.2
2025/9/7 15:25,49246,23.6,67.5
2025/9/7 15:30,42205,28.5,47.6
2025/9/7 15:35,48302,31.8,45.3
2025/9/7 15:40,32957,30.1,55.6
2025/9/7 15:45,56279,25.5,56.3
2025/9/7 15:50,37082,30.7,46.7
2025/9/7 15:55,32525,26.1,60.2
2025/9/7 16:00,41623,23.6,67.9
2025/9/7 16:05,41318,26.9,54.3
2025/9/7 16:10,42287,29.3,47.1
2025/9/7 16:15,40838,24.3,67.4
2025/9/7 16:20,35859,29.4,33.8
2025/9/7 16:25,33038,26.9,61.4
2025/9/7 16:30,44671,27.5,59.7
2025/9/7 16:35,43373,30.9,50.7
2025/9/7 16:40,51057,29.3,49.5
2025/9/7 16:45,33332,29.8,48.4
2025/9/7 16:50,41529,28.4,57
2025/9/7 16:55,29198,27.6,55.9
2025/9/7 17:00,36785,20.8,77.2
2025/9/7 17:05,40564,21.3,70.4
2025/9/7 17:10,46463,16,85.3
2025/9/7 17:15,33556,23.5,71.9
2025/9/7 17:20,26640,14.9,88.4
2025/9/7 17:25,44905,20.8,73.5
2025/9/7 17:30,42377,19.6,72
2025/9/7 17:35,49951,20.7,77.7
2025/9/7 17:40,28113,23.6,74.6
2025/9/7 17:45,37283,21.2,78
2025/9/7 17:50,42320,21.9,80.9
2025/9/7 17:55,41186,18,89.5
2025/9/7 18:00,35897,18.2,77
2025/9/7 18:05,41970,19.3,66.4
2025/9/7 18:10,40501,21.4,75.3
2025/9/7 18:15,31003,20.2,71.4
2025/9/7 18:20,33453,19.7,73.6
2025/9/7 18:25,35264,18.1,78.9
2025/9/7 18:30,31002,20.5,78.1
2025/9/7 18:35,29410,20.5,73.5
2025/9/7 18:40,41266,20.9,76.7
2025/9/7 18:45,41651,24.2,67.8
2025/9/7 18:50,30440,19.8,72.6
2025/9/7 18:55,31295,20.1,88.1
2025/9/7 19:00,11,18.1,83.2
2025/9/7 19:05,2,20.2,68.9
2025/9/7 19:10,37,16,79
2025/9/7 19:15,2,20.3,82.3
2025/9/7 19:20,24,16.9,79.3
2025/9/7 19:25,11,23.4,79.3
2025/9/7 19:30,36,20.6,75.1
2025/9/7 19:35,44,21.3,61.3
2025/9/7 19:40,8,20.3,76.6
2025/9/7 19:45,16,20,79.2
2025/9/7 19:50,12,16.5,84
2025/9/7 19:55,12,22.3,78.3
2025/9/7 20:00,2,21.6,81.2
2025/9/7 20:05,40,21.5,76.4
2025/9/7 20:10,13,21,72.6
2025/9/7 20:15,6,21.1,75.4
2025/9/7 20:20,2,21,78.3
2025/9/7 20:25,26,23.5,71.6
2025/9/7 20:30,15,18.5,83
2025/9/7 20:35,5,19.5,87.8
2025/9/7 20:40,35,20.2,87.2
2025/9/7 20:45,29,21.6,81
2025/9/7 20:50,20,18.8,80.8
2025/9/7 20:55,2,20.6,78.2
2025/9/7 21:00,28,20.9,77.9
2025/9/7 21:05,33,21.8,78.3
2025/9/7 21:10,41,19.3,73.4
2025/9/7 21:15,18,23,68.8
2025/9/7 21:20,12,16.6,79.6
2025/9/7 21:25,33,18.4,91.2
2025/9/7 21:30,26,18.8,79.2
2025/9/7 21:35,20,22.3,86.2
2025/9/7 21:40,41,20.3,79
2025/9/7 21:45,47,18.5,78.3
2025/9/7 21:50,14,22,71.4
2025/9/7 21:55,31,17.8,85.5
2025/9/7 22:00,9,18.1,83.1
2025/9/7 22:05,5,17.7,83.2
2025/9/7 22:10,40,19.1,79.2
2025/9/7 22:15,30,19.6,78.3
2025/9/7 22:20,31,23.1,71.3
2025/9/7 22:25,12,19.2,83.2
2025/9/7 22:30,33,20.4,73
2025/9/7 22:35,8,20.7,78.5
2025/9/7 22:40,1,22.5,81.9
2025/9/7 22:45,20,20.8,89.2
2025/9/7 22:50,35,17.6,71.5
2025/9/7 22:55,50,20.7,84.6
2025/9/7 23:00,4,17.5,77.7
2025/9/7 23:05,26,21.2,67.9
2025/9/7 23:10,27,18,74.3
2025/9/7 23:15,33,23.3,74.6
2025/9/7 23:20,28,18.1,83.5
2025/9/7 23:25,23,18.9,85.3
2025/9/7 23:30,46,18.2,73.2
2025/9/7 23:35,46,22.5,74.5
2025/9/7 23:40,4,19.6,79.9
2025/9/7 23:45,35,17.6,74.4
2025/9/7 23:50,28,18.2,72.2
2025/9/7 23:55,26,21,80.2
2025/9/8 0:00,10,19.1,84.7
2025/9/8 0:05,43,21.1,78.8
2025/9/8 0:10,4,17.6,79.3
2025/9/8 0:15,17,20.1,78.2
2025/9/8 0:20,7,24.9,68.6
2025/9/8 0:25,9,14.9,85.5
2025/9/8 0:30,18,21,76.3
2025/9/8 0:35,16,14.2,87.7
2025/9/8 0:40,32,21.1,69.4
2025/9/8 0:45,8,18.6,79.3
2025/9/8 0:50,3,18.9,77.1
2025/9/8 0:55,15,20.6,73.5
2025/9/8 1:00,25,16.9,86.7
2025/9/8 1:05,26,17.9,79.6
2025/9/8 1:10,22,19,73.1
2025/9/8 1:15,41,29.2,68.4
2025/9/8 1:20,13,18.9,81.1
2025/9/8 1:25,11,20,80.4
2025/9/8 1:30,27,22.4,73.1
2025/9/8 1:35,24,19.1,74.4
2025/9/8 1:40,24,17.3,73.5
2025/9/8 1:45,39,18.7,84.6
2025/9/8 1:50,22,21.4,73
2025/9/8 1:55,45,24.3,68
2025/9/8 2:00,45,17.6,88.9
2025/9/8 2:05,26,15.9,80.3
2025/9/8 2:10,34,14.3,87
2025/9/8 2:15,1,12.3,84.2
2025/9/8 2:20,39,12.9,90.8
2025/9/8 2:25,5,17.4,85
2025/9/8 2:30,1,17,78.2
2025/9/8 2:35,19,14.4,84.6
2025/9/8 2:40,39,15.9,94.5
2025/9/8 2:45,48,13.7,91.6
2025/9/8 2:50,30,18.1,82.9
2025/9/8 2:55,33,14.3,81.9
2025/9/8 3:00,11,12.9,78.3
2025/9/8 3:05,31,14.6,84.2
2025/9/8 3:10,32,16.7,79.5
2025/9/8 3:15,42,14.7,86.9
2025/9/8 3:20,23,16,87.2
2025/9/8 3:25,33,15.4,77.9
2025/9/8 3:30,47,15.8,80.5
2025/9/8 3:35,11,17.5,81.4
2025/9/8 3:40,27,15.5,95
2025/9/8 3:45,28,16.5,84.7
2025/9/8 3:50,38,23.3,59.4
2025/9/8 3:55,5,17.6,79
2025/9/8 4:00,28,16.4,90.1
2025/9/8 4:05,18,12.4,100
2025/9/8 4:10,10,14.8,87.4
2025/9/8 4:15,7,16.4,81
2025/9/8 4:20,18,18.5,77.8
2025/9/8 4:25,30,12.2,80.4
2025/9/8 4:30,0,11.9,95
2025/9/8 4:35,5,13.9,95
2025/9/8 4:40,3,18.1,90.4
2025/9/8 4:45,30,17,85
2025/9/8 4:50,41,13.4,87.4
2025/9/8 4:55,17,16.4,87.7
2025/9/8 5:00,26,12.7,87.5
2025/9/8 5:05,22,14.8,84.7
2025/9/8 5:10,37,13,95
2025/9/8 5:15,39,14.5,81
2025/9/8 5:20,19,18.8,87
2025/9/8 5:25,18,15.3,75.7
2025/9/8 5:30,47,14.1,78.4
2025/9/8 5:35,42,16,80.8
2025/9/8 5:40,24,14.9,94
2025/9/8 5:45,36,13.8,89.1
2025/9/8 5:50,7,16.5,88.9
2025/9/8 5:55,3,14.8,84.3
2025/9/8 6:00,21420,14.6,81.4
2025/9/8 6:05,16309,18,79.1
2025/9/8 6:10,17896,15,85.5
2025/9/8 6:15,15476,16.5,81.3
2025/9/8 6:20,20988,15.2,88.2
2025/9/8 6:25,20387,11.9,87
2025/9/8 6:30,15558,16.1,76.7
2025/9/8 6:35,29659,11.8,95
2025/9/8 6:40,18293,13.9,89.8
2025/9/8 6:45,18202,13,88.3
2025/9/8 6:50,18818,15.3,86.4
2025/9/8 6:55,27246,12.9,73.5
2025/9/8 7:00,20937,24,80.3
2025/9/8 7:05,18242,20,73.9
2025/9/8 7:10,20023,19.9,74.5
2025/9/8 7:15,25771,19,74.2
2025/9/8 7:20,16348,20.2,75.4
2025/9/8 7:25,25353,21.8,74.4
2025/9/8 7:30,18522,20,82.7
2025/9/8 7:35,25325,20.2,70
2025/9/8 7:40,24668,22.7,79.4
2025/9/8 7:45,25469,20.1,81.6
2025/9/8 7:50,27520,21.3,79.7
2025/9/8 7:55,21032,19.3,76.5
2025/9/8 8:00,27550,21.5,74.3
2025/9/8 8:05,19951,20,84.6
2025/9/8 8:10,27378,19.9,83.4
2025/9/8 8:15,33448,19.6,83
2025/9/8 8:20,26170,19.5,87.2
2025/9/8 8:25,27165,20.4,75.1
2025/9/8 8:30,27409,20.6,85.6
2025/9/8 8:35,27824,22.6,73
2025/9/8 8:40,25526,15.5,81.8
2025/9/8 8:45,31162,21.7,77.7
2025/9/8 8:50,23061,19.2,75.4
2025/9/8 8:55,15446,22.4,81.5
2025/9/8 9:00,28402,22.5,73.9
2025/9/8 9:05,29786,17.6,87
2025/9/8 9:10,26668,21,73.5
2025/9/8 9:15,33510,20.3,86.7
2025/9/8 9:20,34966,17.4,85
2025/9/8 9:25,32871,20.8,75.1
2025/9/8 9:30,23395,20.3,68.5
2025/9/8 9:35,15793,15.7,88.2
2025/9/8 9:40,27912,18.1,79.2
2025/9/8 9:45,31446,21,74.7
2025/9/8 9:50,34154,18.9,82.4
2025/9/8 9:55,26758,20.7,85.6
2025/9/8 10:00,19935,19.4,70.4
2025/9/8 10:05,36987,21.9,83.2
2025/9/8 10:10,36700,18.7,79.9
2025/9/8 10:15,29011,20.1,83.2
2025/9/8 10:20,34224,22.3,75.4
2025/9/8 10:25,36108,20.4,81.9
2025/9/8 10:30,20416,18.6,87
2025/9/8 10:35,29747,19.7,82.7
2025/9/8 10:40,39820,23.5,67.2
2025/9/8 10:45,37010,19.5,74
2025/9/8 10:50,34715,20.3,84.4
2025/9/8 10:55,35911,18.8,80.3
2025/9/8 11:00,31923,15.6,83
2025/9/8 11:05,20525,17,85.8
2025/9/8 11:10,33565,20,82.9
2025/9/8 11:15,30957,16.2,83.8
2025/9/8 11:20,29546,19.6,73.7
2025/9/8 11:25,36881,22.2,74.3
2025/9/8 11:30,32206,18.7,72.6
2025/9/8 11:35,21994,20.5,79.3
2025/9/8 11:40,41449,18.9,79.9
2025/9/8 11:45,30697,19.5,73.8
2025/9/8 11:50,28783,19.4,86
2025/9/8 11:55,31563,19.6,74.8
2025/9/8 12:00,47321,23.9,74
2025/9/8 12:05,24822,29.1,55
2025/9/8 12:10,29308,28.3,53.2
2025/9/8 12:15,36418,36,35.6
2025/9/8 12:20,39215,24.9,76.5
2025/9/8 12:25,31417,29.4,55.4
2025/9/8 12:30,28928,30.8,53.4
2025/9/8 12:35,32903,29.6,53.2
2025/9/8 12:40,36979,30.4,53.2
2025/9/8 12:45,24711,32.8,48.3
2025/9/8 12:50,29709,26.8,50.9
2025/9/8 12:55,36367,25.1,57.6
2025/9/8 13:00,59948,32.2,42.8
2025/9/8 13:05,45512,31.3,41.5
2025/9/8 13:10,35774,26.2,57.5
2025/9/8 13:15,50162,27.9,48.5
2025/9/8 13:20,52690,28,51.8
2025/9/8 13:25,46459,24.7,68.6
2025/9/8 13:30,45041,32.8,47.2
2025/9/8 13:35,44693,27.7,55.7
2025/9/8 13:40,58645,29.1,51.3
2025/9/8 13:45,51753,29.6,40.6
2025/9/8 13:50,63959,34.7,43.8
2025/9/8 13:55,52258,24.8,65.9
2025/9/8 14:00,43487,26.6,46.9
2025/9/8 14:05,51731,27.5,49.5
2025/9/8 14:10,22227,27.1,61.3
2025/9/8 14:15,62625,26.7,50.2
2025/9/8 14:20,68799,23.5,73.5
2025/9/8 14:25,49209,26.9,57.6
2025/9/8 14:30,50594,26.9,58.1
2025/9/8 14:35,44737,28.8,57.6
2025/9/8 14:40,36848,26,55
2025/9/8 14:45,57370,36.1,36.5
2025/9/8 14:50,44506,28.9,54.8
2025/9/8 14:55,50807,31.5,46
2025/9/8 15:00,47545,27.6,64.8
2025/9/8 15:05,44155,25.7,60.6
2025/9/8 15:10,52236,26.4,52.7
2025/9/8 15:15,36686,30.9,50.8
2025/9/8 15:20,46878,30.1,51.9
2025/9/8 15:25,37452,31.6,50.3
2025/9/8 15:30,35980,28.6,48.7
2025/9/8 15:35,42296,26,57.3
2025/9/8 15:40,43408,27.6,55
2025/9/8 15:45,47673,28,49.9
2025/9/8 15:50,40977,28.2,52.8
2025/9/8 15:55,36469,25.7,53.9
2025/9/8 16:00,38761,30.1,48.4
2025/9/8 16:05,45067,29.9,44
2025/9/8 16:10,26777,31.6,42.5
2025/9/8 16:15,42680,18.9,80.1
2025/9/8 16:20,34809,28.6,47.3
2025/9/8 16:25,46257,29.4,53.7
2025/9/8 16:30,30755,28.2,49.9
2025/9/8 16:35,47119,25.9,56.2
2025/9/8 16:40,34990,28,58.8
2025/9/8 16:45,31737,30.5,44.7
2025/9/8 16:50,37816,25.7,62.2
2025/9/8 16:55,36094,28.8,53.4
2025/9/8 17:00,35803,21.5,74.9
2025/9/8 17:05,52363,31.4,61.2
2025/9/8 17:10,38165,20.4,73.8
2025/9/8 17:15,35129,19.1,79.5
2025/9/8 17:20,37504,21.2,68.5
2025/9/8 17:25,20279,17.2,74.6
2025/9/8 17:30,34101,22.9,74.8
2025/9/8 17:35,39754,19.3,89.1
2025/9/8 17:40,42529,17.9,72.9
2025/9/8 17:45,43634,22.5,77.8
2025/9/8 17:50,28579,23.3,68
2025/9/8 17:55,42288,18.2,73.1
2025/9/8 18:00,35286,24.7,74
2025/9/8 18:05,31408,19.5,73.3
2025/9/8 18:10,40453,15.2,84.3
2025/9/8 18:15,35105,20,80.2
2025/9/8 18:20,42375,18.6,80.2
2025/9/8 18:25,45833,21.3,78.5
2025/9/8 18:30,41866,18.5,68.9
2025/9/8 18:35,36789,20.3,77.3
2025/9/8 18:40,39692,21.4,64
2025/9/8 18:45,28446,19.8,69.6
2025/9/8 18:50,30135,19.9,80.3
2025/9/8 18:55,35361,17.5,78.2
2025/9/8 19:00,7,22.6,76.4
2025/9/8 19:05,7,21,81.7
2025/9/8 19:10,34,18.4,73.6
2025/9/8 19:15,15,22,74.1
2025/9/8 19:20,3,18.3,90.5
2025/9/8 19:25,48,16.8,83.2
2025/9/8 19:30,34,19.6,76.3
2025/9/8 19:35,23,15.6,91.8
2025/9/8 19:40,8,17.2,80.4
2025/9/8 19:45,42,19.1,81.8
2025/9/8 19:50,10,16.8,84.6
2025/9/8 19:55,30,20.4,73.6
2025/9/8 20:00,10,20.9,76.2
2025/9/8 20:05,8,23.6,71.1
2025/9/8 20:10,32,18.1,82.7
2025/9/8 20:15,39,29,66.1
2025/9/8 20:20,32,18.6,74.2
2025/9/8 20:25,36,19.7,73.6
2025/9/8 20:30,24,18.4,81.6
2025/9/8 20:35,20,17.3,73.5
2025/9/8 20:40,46,20.2,80.1
2025/9/8 20:45,39,20.8,68.4
2025/9/8 20:50,33,18.6,76.6
2025/9/8 20:55,5,16.9,82.3
2025/9/8 21:00,2,20.4,76
2025/9/8 21:05,48,16.9,92.1
2025/9/8 21:10,26,18.4,84.7
2025/9/8 21:15,45,22.8,71.3
2025/9/8 21:20,25,20.8,69.7
2025/9/8 21:25,17,19.3,80.8
2025/9/8 21:30,3,20,81
2025/9/8 21:35,41,19,83.8
2025/9/8 21:40,39,18.1,82.5
2025/9/8 21:45,27,18.9,70.8
2025/9/8 21:50,6,21.4,62.6
2025/9/8 21:55,49,18.5,74.6
2025/9/8 22:00,12,22.4,78
2025/9/8 22:05,21,17.9,74.7
2025/9/8 22:10,41,19.1,73.2
2025/9/8 22:15,40,22.9,64.5
2025/9/8 22:20,4,23.6,74
2025/9/8 22:25,39,21.1,76.4
2025/9/8 22:30,13,16.8,86.3
2025/9/8 22:35,38,20.1,72.6
2025/9/8 22:40,18,22.2,79.2
2025/9/8 22:45,46,22.2,78.8
2025/9/8 22:50,14,18.9,81.9
2025/9/8 22:55,17,22.1,79
2025/9/8 23:00,47,15.2,84.3
2025/9/8 23:05,39,18.6,86.8
2025/9/8 23:10,42,19.9,79.9
2025/9/8 23:15,35,20.4,83.5
2025/9/8 23:20,3,23.6,72.3
2025/9/8 23:25,9,20.5,83.7
2025/9/8 23:30,7,17.8,75.7
2025/9/8 23:35,34,18.7,83.3
2025/9/8 23:40,29,20.1,74.2
2025/9/8 23:45,15,22.5,66.2
2025/9/8 23:50,37,18.6,78.8
2025/9/8 23:55,14,23.6,68.8
2025/9/9 0:00,3,21.1,75.1
2025/9/9 0:05,34,17.6,83.7
2025/9/9 0:10,38,19.4,75.8
2025/9/9 0:15,22,17.3,81.9
2025/9/9 0:20,6,23,69.9
2025/9/9 0:25,21,17.8,72.5
2025/9/9 0:30,10,16.5,82.1
2025/9/9 0:35,33,20.2,79.2
2025/9/9 0:40,4,19.8,78.7
2025/9/9 0:45,30,23,79.2
2025/9/9 0:50,1,22.4,79
2025/9/9 0:55,16,21.3,67.9
2025/9/9 1:00,47,19.6,79.5
2025/9/9 1:05,35,14,100
2025/9/9 1:10,48,22.2,72.5
2025/9/9 1:15,34,20,76.6
2025/9/9 1:20,37,19.7,82.1
2025/9/9 1:25,22,23.5,79.2
2025/9/9 1:30,12,19,80.3
2025/9/9 1:35,44,18.4,76.4
2025/9/9 1:40,12,19.9,74.1
2025/9/9 1:45,30,18.8,80.5
2025/9/9 1:50,42,21,78.4
2025/9/9 1:55,27,21,69.8
2025/9/9 2:00,37,13.5,87.4
2025/9/9 2:05,46,17.1,93.7
2025/9/9 2:10,18,15.6,87.7
2025/9/9 2:15,23,12.3,92.5
2025/9/9 2:20,21,19,75.2
2025/9/9 2:25,3,13.9,90.9
2025/9/9 2:30,1,15.1,75.3
2025/9/9 2:35,25,14,93.7
2025/9/9 2:40,13,14.4,84.5
2025/9/9 2:45,9,16.6,84.3
2025/9/9 2:50,34,14.3,83
2025/9/9 2:55,12,20.9,82.4
2025/9/9 3:00,18,16,86.2
2025/9/9 3:05,46,14.7,87.1
2025/9/9 3:10,25,14.5,81.5
2025/9/9 3:15,25,15.7,82.4
2025/9/9 3:20,42,15.8,86.8
2025/9/9 3:25,31,15.9,79
2025/9/9 3:30,35,14.2,84.7
2025/9/9 3:35,0,17,86.6
2025/9/9 3:40,8,13.6,80.8
2025/9/9 3:45,11,19.9,79.8
2025/9/9 3:50,3,12.2,86.4
2025/9/9 3:55,48,17,92.4
2025/9/9 4:00,21,18.7,81.4
2025/9/9 4:05,9,9.7,93
2025/9/9 4:10,32,13,88.4
2025/9/9 4:15,6,13.2,85.7
2025/9/9 4:20,10,16.7,81.3
2025/9/9 4:25,25,14.4,85.6
2025/9/9 4:30,3,20.2,71.6
2025/9/9 4:35,34,15.6,92.9
2025/9/9 4:40,41,14.9,91.3
2025/9/9 4:45,40,12.4,87.9
2025/9/9 4:50,44,13.4,87.1
2025/9/9 4:55,40,14.9,85.4
2025/9/9 5:00,44,16.7,71.2
2025/9/9 5:05,3,13.8,87.9
2025/9/9 5:10,40,11.2,93.8
2025/9/9 5:15,18,13.8,85.9
2025/9/9 5:20,23,16.8,88.7
2025/9/9 5:25,0,16.3,77.4
2025/9/9 5:30,0,16.2,86.5
2025/9/9 5:35,3,15.9,90.9
2025/9/9 5:40,38,15.2,91.8
2025/9/9 5:45,34,17.8,84.3
2025/9/9 5:50,10,15.6,86.4
2025/9/9 5:55,38,18.4,85.3
2025/9/9 6:00,27459,17.2,81.2
2025/9/9 6:05,15132,13.3,84.3
2025/9/9 6:10,16968,13.6,91.4
2025/9/9 6:15,19373,13.2,95
2025/9/9 6:20,24433,16.2,87.8
2025/9/9 6:25,15606,15.3,87.3
2025/9/9 6:30,16730,13.8,81.7
2025/9/9 6:35,22805,16.7,76.3
2025/9/9 6:40,22851,16.5,78
2025/9/9 6:45,25739,15.7,76.1
2025/9/9 6:50,15059,17.3,84.9
2025/9/9 6:55,18831,15.7,85.5
2025/9/9 7:00,19746,20.3,82.9
2025/9/9 7:05,19268,18,79.3
2025/9/9 7:10,28588,18.8,70.2
2025/9/9 7:15,25946,21.2,82.3
2025/9/9 7:20,27928,24,76.3
2025/9/9 7:25,24521,20.3,77.2
2025/9/9 7:30,31136,19,72.2
2025/9/9 7:35,20455,20.7,65.9
2025/9/9 7:40,28145,21.1,79.3
2025/9/9 7:45,30348,23.9,69.1
2025/9/9 7:50,25568,19.7,78
2025/9/9 7:55,17127,22,81.2
2025/9/9 8:00,28101,18,74.5
2025/9/9 8:05,27942,24,68.8
2025/9/9 8:10,28720,22.7,77.7
2025/9/9 8:15,28599,20.1,80.1
2025/9/9 8:20,20263,19.4,70.1
2025/9/9 8:25,28802,23.5,80.1
2025/9/9 8:30,21801,19.7,82.6
2025/9/9 8:35,27359,17.7,84.1
2025/9/9 8:40,25134,20.4,72.4
2025/9/9 8:45,31179,20.5,80.9
2025/9/9 8:50,32201,19.8,76.9
2025/9/9 8:55,23480,19.6,74.4
2025/9/9 9:00,25174,18.6,71
2025/9/9 9:05,27661,19.5,77
2025/9/9 9:10,19127,19.1,75.8
2025/9/9 9:15,35101,19,77.2
2025/9/9 9:20,36942,17.7,79.1
2025/9/9 9:25,30926,19.9,73.4
2025/9/9 9:30,36842,20.6,77.8
2025/9/9 9:35,22834,20.7,71.4
2025/9/9 9:40,24089,20,68.1
2025/9/9 9:45,26716,19.8,74.6
2025/9/9 9:50,32143,23.3,78.2
2025/9/9 9:55,32954,20.8,66.7
2025/9/9 10:00,24420,19,87.5
2025/9/9 10:05,31522,22.5,73.4
2025/9/9 10:10,30252,22.1,71.7
2025/9/9 10:15,19429,19.5,76.8
2025/9/9 10:20,33676,17.5,79.5
2025/9/9 10:25,49182,20.6,69
2025/9/9 10:30,26289,20.8,69.8
2025/9/9 10:35,33861,18.8,76.6
2025/9/9 10:40,34434,19.6,78.4
2025/9/9 10:45,34849,22.4,71.3
2025/9/9 10:50,32744,18.3,82.1
2025/9/9 10:55,34997,17.8,84.2
2025/9/9 11:00,32475,21.1,77.3
2025/9/9 11:05,37627,18.7,81.7
2025/9/9 11:10,29998,19.5,82.4
2025/9/9 11:15,34809,18.1,77
2025/9/9 11:20,34513,21.8,82.8
2025/9/9 11:25,33560,14.5,83.3
2025/9/9 11:30,43202,19.3,75.6
2025/9/9 11:35,27230,21.5,76.3
2025/9/9 11:40,30444,20,77.8
2025/9/9 11:45,31415,19.4,79.8
2025/9/9 11:50,24128,19.4,79.6
2025/9/9 11:55,28746,19.2,73
2025/9/9 12:00,48861,26.2,59.2
2025/9/9 12:05,34609,30.1,59
2025/9/9 12:10,33136,27.5,62.7
2025/9/9 12:15,39048,27.4,54.9
2025/9/9 12:20,41841,28.6,56.3
2025/9/9 12:25,26887,30.6,46.5
2025/9/9 12:30,40518,29.6,46
2025/9/9 12:35,30544,30.6,56.2
2025/9/9 12:40,29729,24.2,70.7
2025/9/9 12:45,31925,31,45.7
2025/9/9 12:50,34440,24.5,65.3
2025/9/9 12:55,40268,28.3,38.4
2025/9/9 13:00,67219,26.9,60.3
2025/9/9 13:05,55252,25.2,68.3
2025/9/9 13:10,44933,29.8,44.9
2025/9/9 13:15,56278,26.4,51.9
2025/9/9 13:20,49678,33.1,43.5
2025/9/9 13:25,29919,23.9,81.6
2025/9/9 13:30,48667,25,68.6
2025/9/9 13:35,54294,29.6,51.8
2025/9/9 13:40,65639,30.4,48.1
2025/9/9 13:45,55663,27.6,55.3
2025/9/9 13:50,37733,27.7,55.3
2025/9/9 13:55,41045,28.2,52.5
2025/9/9 14:00,29301,29.7,50.3
2025/9/9 14:05,49056,26.8,65.8
2025/9/9 14:10,32252,30,40.7
2025/9/9 14:15,54258,27.7,61.2
2025/9/9 14:20,55382,26.4,51.8
2025/9/9 14:25,39270,23.4,58.2
2025/9/9 14:30,40000,24.1,73.8
2025/9/9 14:35,49155,22.4,72
2025/9/9 14:40,48025,33.9,42.1
2025/9/9 14:45,40375,29.4,46.3
2025/9/9 14:50,60511,29.5,50.3
2025/9/9 14:55,38641,29.8,51.2
2025/9/9 15:00,40660,26.1,46.9
2025/9/9 15:05,52223,29.3,57.4
2025/9/9 15:10,38546,27.1,50.5
2025/9/9 15:15,27311,26.3,58.4
2025/9/9 15:20,39295,27,50
2025/9/9 15:25,40016,23.5,73.9
2025/9/9 15:30,45505,27.2,62.5
2025/9/9 15:35,54650,28.6,61
2025/9/9 15:40,56324,26.5,55.5
2025/9/9 15:45,44829,31.6,47.5
2025/9/9 15:50,48724,27.4,58.5
2025/9/9 15:55,38477,22.1,75.1
2025/9/9 16:00,38195,27.7,62.1
2025/9/9 16:05,34463,31.1,50.7
2025/9/9 16:10,50773,26.6,57.2
2025/9/9 16:15,37309,25.8,60.2
2025/9/9 16:20,43548,24.5,67.2
2025/9/9 16:25,31771,24.5,69.3
2025/9/9 16:30,51969,20.6,69.2
2025/9/9 16:35,38202,26.9,53.7
2025/9/9 16:40,38885,30.2,40.1
2025/9/9 16:45,50546,27.5,55.2
2025/9/9 16:50,39286,27.9,45.5
2025/9/9 16:55,51960,22.8,75
2025/9/9 17:00,41051,19.5,82.5
2025/9/9 17:05,21546,22.4,72.6
2025/9/9 17:10,32193,18.6,79
2025/9/9 17:15,30775,21.4,71.5
2025/9/9 17:20,15698,19.3,73.4
2025/9/9 17:25,25265,20.5,70.8
2025/9/9 17:30,32951,20.9,73.9
2025/9/9 17:35,32290,23.4,68.1
2025/9/9 17:40,36775,19.2,74
2025/9/9 17:45,42062,21,74.4
2025/9/9 17:50,29983,18.5,72.4
2025/9/9 17:55,33739,21,80.9
2025/9/9 18:00,27274,19.3,74.6
2025/9/9 18:05,44314,19.2,77.7
2025/9/9 18:10,41251,23.7,69.9
2025/9/9 18:15,39986,17.4,90.2
2025/9/9 18:20,39989,16.2,81.3
2025/9/9 18:25,38061,21.9,77.4
2025/9/9 18:30,28334,18.6,75.7
2025/9/9 18:35,40811,19.1,83.3
2025/9/9 18:40,46671,23,76.7
2025/9/9 18:45,47473,21.8,71
2025/9/9 18:50,27649,21.5,82.1
2025/9/9 18:55,39866,22.1,76
2025/9/9 19:00,37,19.4,67.8
2025/9/9 19:05,17,19.4,78.3
2025/9/9 19:10,13,20.2,75.8
2025/9/9 19:15,27,18.9,74.8
2025/9/9 19:20,48,23.2,82.5
2025/9/9 19:25,3,20.4,72.9
2025/9/9 19:30,46,17.9,79.3
2025/9/9 19:35,15,23.8,73
2025/9/9 19:40,40,22.4,79.7
2025/9/9 19:45,15,21.3,69.9
2025/9/9 19:50,30,22.3,67.8
2025/9/9 19:55,17,18.5,81.2
2025/9/9 20:00,36,14.4,97.6
2025/9/9 20:05,1,22.3,74.7
2025/9/9 20:10,28,18.3,80.2
2025/9/9 20:15,19,16.9,89.7
2025/9/9 20:20,5,18.7,78
2025/9/9 20:25,49,22.8,60.9
2025/9/9 20:30,50,22.6,75.3
2025/9/9 20:35,15,23.4,67.7
2025/9/9 20:40,16,20.7,71.8
2025/9/9 20:45,29,22.2,79.5
2025/9/9 20:50,44,23.5,72.2
2025/9/9 20:55,9,24.2,66.1
2025/9/9 21:00,10,19.9,72.7
2025/9/9 21:05,27,20.4,72.4
2025/9/9 21:10,12,22.2,76.6
2025/9/9 21:15,25,17.8,85
2025/9/9 21:20,31,23.2,75.6
2025/9/9 21:25,32,17.3,80.8
2025/9/9 21:30,28,21.4,74.2
2025/9/9 21:35,16,17.9,86.8
2025/9/9 21:40,20,19.4,86.4
2025/9/9 21:45,47,19,77.3
2025/9/9 21:50,48,18.8,78.5
2025/9/9 21:55,25,20.9,71.3
2025/9/9 22:00,23,17.7,72.5
2025/9/9 22:05,44,16.4,76.1
2025/9/9 22:10,22,18.9,80
2025/9/9 22:15,47,20.8,77
2025/9/9 22:20,24,22.9,82.2
2025/9/9 22:25,17,19.4,73.6
2025/9/9 22:30,37,24.3,77
2025/9/9 22:35,29,22.2,71.4
2025/9/9 22:40,4,21.7,75.6
2025/9/9 22:45,15,19.9,77.3
2025/9/9 22:50,30,21,83.4
2025/9/9 22:55,4,24.5,68.7
2025/9/9 23:00,39,20.4,76.4
2025/9/9 23:05,44,20.9,63.5
2025/9/9 23:10,47,19.6,88.3
2025/9/9 23:15,48,18.7,77.4
2025/9/9 23:20,32,18.9,78.4
2025/9/9 23:25,45,17.4,78.7
2025/9/9 23:30,2,20.9,78.2
2025/9/9 23:35,18,20.5,83.7
2025/9/9 23:40,32,20.9,82.9
2025/9/9 23:45,48,24.5,75.2
2025/9/9 23:50,31,17.4,82.9
2025/9/9 23:55,30,20.3,85
2025/9/10 0:00,33,19.8,73.8
2025/9/10 0:05,9,19,72.7
2025/9/10 0:10,20,14.1,95
2025/9/10 0:15,42,20,71.6
2025/9/10 0:20,4,23.4,81.9
2025/9/10 0:25,28,20.4,70.2
2025/9/10 0:30,2,19.1,77.8
2025/9/10 0:35,6,20.1,72
2025/9/10 0:40,18,22,64
2025/9/10 0:45,0,22.3,81
2025/9/10 0:50,24,19.3,78.2
2025/9/10 0:55,9,23.1,76.2
2025/9/10 1:00,20,19.3,77.5
2025/9/10 1:05,40,21,85.7
2025/9/10 1:10,46,19.6,76.3
2025/9/10 1:15,39,20.1,77.6
2025/9/10 1:20,20,20.6,76.3
2025/9/10 1:25,40,22.4,69.5
2025/9/10 1:30,29,20.9,78.5
2025/9/10 1:35,3,18.4,82
2025/9/10 1:40,27,21,63.5
2025/9/10 1:45,7,18.1,88.5
2025/9/10 1:50,8,18.8,73.4
2025/9/10 1:55,24,16.3,77.8
2025/9/10 2:00,29,14.8,79.1
2025/9/10 2:05,29,16.4,78.8
2025/9/10 2:10,18,15.7,91.2
2025/9/10 2:15,35,17.8,82.4
2025/9/10 2:20,31,12.8,88.1
2025/9/10 2:25,21,15.7,95
2025/9/10 2:30,0,11.3,90.4
2025/9/10 2:35,1,16.3,83.7
2025/9/10 2:40,24,15.5,80.5
2025/9/10 2:45,20,16.9,82.4
2025/9/10 2:50,1,15.5,89.6
2025/9/10 2:55,30,14.4,92.5
2025/9/10 3:00,46,12.5,90.2
2025/9/10 3:05,10,13.4,82.1
2025/9/10 3:10,29,18.8,73.2
2025/9/10 3:15,4,15.1,78.4
2025/9/10 3:20,14,11.2,100
2025/9/10 3:25,47,14.8,90.3
2025/9/10 3:30,33,16,84.5
2025/9/10 3:35,36,16.3,81.2
2025/9/10 3:40,12,14.4,88.2
2025/9/10 3:45,7,15,90.8
2025/9/10 3:50,12,16.6,86.5
2025/9/10 3:55,21,16.1,84.3
2025/9/10 4:00,39,16.5,88
2025/9/10 4:05,20,15.8,79.7
2025/9/10 4:10,29,15,77.7
2025/9/10 4:15,21,17.6,84.9
2025/9/10 4:20,20,13.3,84.4
2025/9/10 4:25,45,17.7,77.5
2025/9/10 4:30,42,12,83.7
2025/9/10 4:35,24,14.4,83.6
2025/9/10 4:40,40,14.2,89.8
2025/9/10 4:45,43,13.9,88.8
2025/9/10 4:50,47,12.7,94.6
2025/9/10 4:55,32,12.9,88.3
2025/9/10 5:00,40,14.7,87.2
2025/9/10 5:05,38,16.6,80.5
2025/9/10 5:10,35,16.7,88.2
2025/9/10 5:15,44,14.6,94.6
2025/9/10 5:20,19,15.7,82.3
2025/9/10 5:25,9,15.2,93.7
2025/9/10 5:30,23,15.8,85.7
2025/9/10 5:35,5,15.9,88.3
2025/9/10 5:40,18,15.7,87
2025/9/10 5:45,20,15.1,85.8
2025/9/10 5:50,14,17,78.4
2025/9/10 5:55,7,15,83.7
2025/9/10 6:00,14256,12.4,90.3
2025/9/10 6:05,11470,15,90.2
2025/9/10 6:10,19274,14.8,90.3
2025/9/10 6:15,26813,17.8,78.9
2025/9/10 6:20,21987,17.1,75.9
2025/9/10 6:25,10735,15.2,93
2025/9/10 6:30,23173,14.8,83
2025/9/10 6:35,19363,5,100
2025/9/10 6:40,20598,14.4,85.3
2025/9/10 6:45,22962,10.6,92.5
2025/9/10 6:50,25822,16.6,82.1
2025/9/10 6:55,18185,13.6,77.3
2025/9/10 7:00,28237,20.1,76.3
2025/9/10 7:05,29919,20.6,76.5
2025/9/10 7:10,24142,16.7,83.9
2025/9/10 7:15,20412,21.3,72.8
2025/9/10 7:20,18107,18.4,81.1
2025/9/10 7:25,16901,16.3,76.9
2025/9/10 7:30,22927,21.8,71.2
2025/9/10 7:35,21565,19.7,76.3
2025/9/10 7:40,18765,19,77.1
2025/9/10 7:45,24328,20.4,83.4
2025/9/10 7:50,22067,20.4,84.7
2025/9/10 7:55,23316,19.7,79
2025/9/10 8:00,21569,17.1,86.5
2025/9/10 8:05,14387,18.2,82.8
2025/9/10 8:10,33518,20,81.5
2025/9/10 8:15,32763,18.3,80.5
2025/9/10 8:20,23382,19.8,77.1
2025/9/10 8:25,28143,19.2,72.8
2025/9/10 8:30,28098,18.9,85.7
2025/9/10 8:35,23059,17.6,83.5
2025/9/10 8:40,27451,21.7,68.7
2025/9/10 8:45,20238,18.1,78.4
2025/9/10 8:50,23696,22.4,72.5
2025/9/10 8:55,24247,22,67.6
2025/9/10 9:00,23286,22.8,70.9
2025/9/10 9:05,32095,19,81.5
2025/9/10 9:10,27098,21.6,69.6
2025/9/10 9:15,35653,17.2,84.7
2025/9/10 9:20,25890,19.5,72.9
2025/9/10 9:25,28736,20.6,84.9
2025/9/10 9:30,37962,24.8,67.9
2025/9/10 9:35,26511,17.8,73.4
2025/9/10 9:40,31211,19.7,81
2025/9/10 9:45,37755,16.9,81.2
2025/9/10 9:50,28170,21.6,76.6
2025/9/10 9:55,28410,15.6,83.3
2025/9/10 10:00,41685,20.8,73.6
2025/9/10 10:05,38828,19.2,83.7
2025/9/10 10:10,33022,21.1,79.8
2025/9/10 10:15,35978,18.9,78.5
2025/9/10 10:20,28452,23.9,67.9
2025/9/10 10:25,40266,21.2,72
2025/9/10 10:30,27812,18.1,79.8
2025/9/10 10:35,42655,19.8,80.5
2025/9/10 10:40,32383,21.9,69.6
2025/9/10 10:45,37427,29.4,64.2
2025/9/10 10:50,38146,20.9,70.3
2025/9/10 10:55,33102,23,76.3
2025/9/10 11:00,35421,20.8,82.5
2025/9/10 11:05,25671,22,71.8
2025/9/10 11:10,30821,15.2,82.6
2025/9/10 11:15,41394,20.2,76.5
2025/9/10 11:20,33040,17.4,84
2025/9/10 11:25,29160,17.7,83.6
2025/9/10 11:30,34349,19.5,83.8
2025/9/10 11:35,36305,21.2,75.3
2025/9/10 11:40,35345,21.5,72.2
2025/9/10 11:45,37542,25,76.3
2025/9/10 11:50,32220,17.8,82.5
2025/9/10 11:55,35607,20.2,77.8
2025/9/10 12:00,42318,24.9,77
2025/9/10 12:05,50469,21.8,76.6
2025/9/10 12:10,42204,26.4,66.8
2025/9/10 12:15,32113,29.3,42.9
2025/9/10 12:20,22305,28.1,43.4
2025/9/10 12:25,35566,28.1,52.4
2025/9/10 12:30,31437,27.9,54.3
2025/9/10 12:35,41592,27.7,46.6
2025/9/10 12:40,34289,29.9,50.3
2025/9/10 12:45,27318,28.4,49.8
2025/9/10 12:50,37399,26.3,55
2025/9/10 12:55,43291,27.8,51.6
2025/9/10 13:00,29907,30.4,45.8
2025/9/10 13:05,44477,28.7,51
2025/9/10 13:10,62686,30.4,53.5
2025/9/10 13:15,34046,32.9,43.6
2025/9/10 13:20,52411,27.3,55.3
2025/9/10 13:25,40956,30.8,59.4
2025/9/10 13:30,56358,26.8,59.9
2025/9/10 13:35,74239,32.1,37.6
2025/9/10 13:40,51873,28.6,47.7
2025/9/10 13:45,49460,26.5,64.1
2025/9/10 13:50,54624,28.8,47.6
2025/9/10 13:55,50526,30.3,55
2025/9/10 14:00,50148,25.9,50.5
2025/9/10 14:05,43696,27.7,53.4
2025/9/10 14:10,41505,27.1,59
2025/9/10 14:15,38716,26.9,56.4
2025/9/10 14:20,56801,27.3,59.7
2025/9/10 14:25,45718,27.5,55.8
2025/9/10 14:30,35112,32.3,44.8
2025/9/10 14:35,46994,31.1,51.7
2025/9/10 14:40,50359,26.2,56.9
2025/9/10 14:45,45651,25.1,54.4
2025/9/10 14:50,57160,30.7,48.3
2025/9/10 14:55,47188,31.2,46.7
2025/9/10 15:00,52241,25.7,66.4
2025/9/10 15:05,29491,25.5,62.7
2025/9/10 15:10,40437,22.3,71.8
2025/9/10 15:15,33662,28.4,50
2025/9/10 15:20,45115,24.7,66
2025/9/10 15:25,57789,22.1,55.5
2025/9/10 15:30,43809,27.9,54.5
2025/9/10 15:35,19437,29.9,58.4
2025/9/10 15:40,41389,31.3,35.6
2025/9/10 15:45,38123,26.5,58.2
2025/9/10 15:50,35991,27.9,43.2
2025/9/10 15:55,53717,29.6,48.4
2025/9/10 16:00,25104,28.3,59.1
2025/9/10 16:05,39216,27.1,54.6
2025/9/10 16:10,38778,32.5,42
2025/9/10 16:15,36099,27.5,57.5
2025/9/10 16:20,29367,27.8,53.9
2025/9/10 16:25,47805,28.8,49.9
2025/9/10 16:30,39217,24.7,63.9
2025/9/10 16:35,55475,29.2,52.9
2025/9/10 16:40,26335,35.9,42.7
2025/9/10 16:45,37956,31.3,39.6
2025/9/10 16:50,40087,29.7,41.9
2025/9/10 16:55,37030,28.7,47.1
2025/9/10 17:00,32431,16.9,78.2
2025/9/10 17:05,38620,21,61.7
2025/9/10 17:10,33144,19.5,77.5
2025/9/10 17:15,40725,27.3,63.2
2025/9/10 17:20,39933,16.4,70.9
2025/9/10 17:25,43836,25,69.8
2025/9/10 17:30,51516,20.8,77.7
2025/9/10 17:35,37564,22.6,70.6
2025/9/10 17:40,25777,17.6,88.3
2025/9/10 17:45,34895,20.7,83.3
2025/9/10 17:50,33076,21.4,75.5
2025/9/10 17:55,25927,14.2,89.2
2025/9/10 18:00,42527,20.4,77.9
2025/9/10 18:05,27359,23.3,75.7
2025/9/10 18:10,34358,18.2,85.2
2025/9/10 18:15,32992,18.5,73.5
2025/9/10 18:20,34581,21,77.5
2025/9/10 18:25,21031,21.9,70.1
2025/9/10 18:30,34075,19,72.2
2025/9/10 18:35,27442,18,77.6
2025/9/10 18:40,34523,20.7,86.9
2025/9/10 18:45,24417,21.6,69.5
2025/9/10 18:50,29546,20.4,74.6
2025/9/10 18:55,36300,18.4,83.3
2025/9/10 19:00,2,19.7,84
2025/9/10 19:05,7,18.9,73.5
2025/9/10 19:10,27,19.2,75.3
2025/9/10 19:15,11,23.3,69
2025/9/10 19:20,18,20.6,76.3
2025/9/10 19:25,40,17.7,76.5
2025/9/10 19:30,39,20.2,77.7
2025/9/10 19:35,34,19.2,77.9
2025/9/10 19:40,0,16.6,78
2025/9/10 19:45,38,21.9,71.7
2025/9/10 19:50,22,21.9,80.1
2025/9/10 19:55,11,22.2,82.2
2025/9/10 20:00,8,20.8,84.1
2025/9/10 20:05,24,21.7,65.9
2025/9/10 20:10,28,20.6,88
2025/9/10 20:15,12,16.1,82.9
2025/9/10 20:20,25,17.7,76.7
2025/9/10 20:25,7,18.8,80.9
2025/9/10 20:30,40,19.2,80.1
2025/9/10 20:35,42,23.7,76.9
2025/9/10 20:40,26,20.2,75.6
2025/9/10 20:45,22,20.8,67.3
2025/9/10 20:50,35,19,81.2
2025/9/10 20:55,7,20.2,82.5
2025/9/10 21:00,5,21.8,76.6
2025/9/10 21:05,31,19.2,75.6
2025/9/10 21:10,47,22.2,76
2025/9/10 21:15,6,18.2,84.9
2025/9/10 21:20,17,20.6,75.8
2025/9/10 21:25,35,21.5,77.8
2025/9/10 21:30,49,22.7,80.1
2025/9/10 21:35,33,18.9,78.8
2025/9/10 21:40,41,19.3,87.8
2025/9/10 21:45,21,21.6,74.8
2025/9/10 21:50,16,18.5,80
2025/9/10 21:55,18,15.6,82.4
2025/9/10 22:00,33,18,85.1
2025/9/10 22:05,6,19.4,78.9
2025/9/10 22:10,43,19.7,82.8
2025/9/10 22:15,4,22,77.1
2025/9/10 22:20,21,20.6,68.7
2025/9/10 22:25,5,19.6,84
2025/9/10 22:30,27,20.4,75.3
2025/9/10 22:35,9,19,76.6
2025/9/10 22:40,29,20.2,74.2
2025/9/10 22:45,16,22.2,65.7
2025/9/10 22:50,1,21.5,82.2
2025/9/10 22:55,37,17.9,83.8
2025/9/10 23:00,6,20.8,72.3
2025/9/10 23:05,48,17.7,83.3
2025/9/10 23:10,41,23.7,78.2
2025/9/10 23:15,35,21.3,77.8
2025/9/10 23:20,32,20.4,76.5
2025/9/10 23:25,29,21,71.9
2025/9/10 23:30,12,21.7,74.9
2025/9/10 23:35,7,20,85.6
2025/9/10 23:40,7,17.5,84.6
2025/9/10 23:45,34,22.9,75.8
2025/9/10 23:50,22,20.5,76.5
2025/9/10 23:55,15,21.7,65.2
2025/9/11 0:00,46,21,74.5
2025/9/11 0:05,33,19.9,80.1
2025/9/11 0:10,34,18.1,77.4
2025/9/11 0:15,5,22.7,71.7
2025/9/11 0:20,7,17.7,83.7
2025/9/11 0:25,8,22.7,67.1
2025/9/11 0:30,34,22.1,81.7
2025/9/11 0:35,2,21.9,74.1
2025/9/11 0:40,42,22.2,80.2
2025/9/11 0:45,49,17.8,84.8
2025/9/11 0:50,5,20.3,77.5
2025/9/11 0:55,32,16.6,72.9
2025/9/11 1:00,38,20.3,76.5
2025/9/11 1:05,13,19.7,76.8
2025/9/11 1:10,32,18.1,84.7
2025/9/11 1:15,1,22.9,66
2025/9/11 1:20,41,21.4,69.3
2025/9/11 1:25,30,19.5,80.4
2025/9/11 1:30,50,18.6,75.4
2025/9/11 1:35,48,20,81.8
2025/9/11 1:40,7,19,74.8
2025/9/11 1:45,14,19.1,84.7
2025/9/11 1:50,17,20.1,77.9
2025/9/11 1:55,8,19.3,77.7
2025/9/11 2:00,6,16.5,83.4
2025/9/11 2:05,42,18.6,77.3
2025/9/11 2:10,9,17.7,74.1
2025/9/11 2:15,18,15.3,84.6
2025/9/11 2:20,41,17.7,79.4
2025/9/11 2:25,44,18.5,72.4
2025/9/11 2:30,21,13.5,83.9
2025/9/11 2:35,16,12.5,88.9
2025/9/11 2:40,43,14.5,90.9
2025/9/11 2:45,7,12.7,95
2025/9/11 2:50,0,18.3,77.1
2025/9/11 2:55,37,16.3,80.2
2025/9/11 3:00,11,16.3,76.5
2025/9/11 3:05,21,16.2,81.2
2025/9/11 3:10,22,12.1,89.1
2025/9/11 3:15,18,15,85.9
2025/9/11 3:20,28,18.5,77.8
2025/9/11 3:25,25,14.7,78.6
2025/9/11 3:30,46,15.7,83.3
2025/9/11 3:35,32,12.9,88.8
2025/9/11 3:40,5,13.2,95
2025/9/11 3:45,11,14.4,80.1
2025/9/11 3:50,36,16.1,70.2
2025/9/11 3:55,49,12.5,93.5
2025/9/11 4:00,5,12.5,92.4
2025/9/11 4:05,39,17.1,89.7
2025/9/11 4:10,4,12.7,84.5
2025/9/11 4:15,19,16.8,88
2025/9/11 4:20,12,13.7,78.9
2025/9/11 4:25,1,5.4,99
2025/9/11 4:30,8,16,89.9
2025/9/11 4:35,31,13,80.8
2025/9/11 4:40,41,16.2,82.6
2025/9/11 4:45,39,16.9,82
2025/9/11 4:50,4,13.8,89.8
2025/9/11 4:55,43,15.2,84.5
2025/9/11 5:00,7,19.8,83.7
2025/9/11 5:05,1,16.4,83.5
2025/9/11 5:10,41,15.1,83.3
2025/9/11 5:15,25,15.4,82
2025/9/11 5:20,38,12.6,88.4
2025/9/11 5:25,9,15.6,88.9
2025/9/11 5:30,48,13.4,87.6
2025/9/11 5:35,13,16,86
2025/9/11 5:40,25,18.2,78.8
2025/9/11 5:45,27,13.3,88
2025/9/11 5:50,43,14.5,83.7
2025/9/11 5:55,6,13.9,88.1
2025/9/11 6:00,24737,13.8,90.1
2025/9/11 6:05,14941,16.3,85
2025/9/11 6:10,21045,17,81
2025/9/11 6:15,15883,17.1,85.8
2025/9/11 6:20,25443,15.1,85
2025/9/11 6:25,22950,10.4,95
2025/9/11 6:30,6900,13.4,93.4
2025/9/11 6:35,19865,11.6,85.2
2025/9/11 6:40,13979,15.8,83.5
2025/9/11 6:45,25819,14.5,83.8
2025/9/11 6:50,16462,14,77
2025/9/11 6:55,18457,16,73.8
2025/9/11 7:00,19546,15.9,83.2
2025/9/11 7:05,24732,19.5,70.3
2025/9/11 7:10,26046,18.1,80.1
2025/9/11 7:15,21453,21.5,65.7
2025/9/11 7:20,21366,20.8,74.6
2025/9/11 7:25,26989,21.3,74.2
2025/9/11 7:30,22868,17.3,85
2025/9/11 7:35,22085,21.8,69.5
2025/9/11 7:40,21260,20.3,77.3
2025/9/11 7:45,29853,19.1,75.1
2025/9/11 7:50,24140,23.2,71.7
2025/9/11 7:55,18943,22.3,76.7
2025/9/11 8:00,21776,19.4,79.9
2025/9/11 8:05,28043,14.8,95
2025/9/11 8:10,26573,21.2,72.5
2025/9/11 8:15,26296,21.7,79.7
2025/9/11 8:20,24565,20.5,71.5
2025/9/11 8:25,21690,19.8,69.4
2025/9/11 8:30,23222,20.3,77.3
2025/9/11 8:35,32537,17.5,82.4
2025/9/11 8:40,30517,16.6,81
2025/9/11 8:45,24762,18.6,84.4
2025/9/11 8:50,28315,18.4,85.9
2025/9/11 8:55,29168,18.3,82.4
2025/9/11 9:00,26537,21,77
2025/9/11 9:05,26548,20.5,79.9
2025/9/11 9:10,23124,16.6,82.6
2025/9/11 9:15,25187,16.6,77
2025/9/11 9:20,26494,20.8,69.4
2025/9/11 9:25,20587,21.3,80.2
2025/9/11 9:30,24291,19.5,73.8
2025/9/11 9:35,30760,19,85.6
2025/9/11 9:40,29653,21.7,72.8
2025/9/11 9:45,22440,22.7,79.9
2025/9/11 9:50,29568,18.2,84.5
2025/9/11 9:55,33698,20.9,73.6
2025/9/11 10:00,31520,26,61.3
2025/9/11 10:05,25554,21.9,77
2025/9/11 10:10,32020,22.5,78.7
2025/9/11 10:15,23040,24.4,76.9
2025/9/11 10:20,27265,17.3,79.6
2025/9/11 10:25,34781,23.1,74.7
2025/9/11 10:30,34092,17.2,80.7
2025/9/11 10:35,38785,17.7,80.2
2025/9/11 10:40,31211,20.6,73.3
2025/9/11 10:45,30491,22.1,70.9
2025/9/11 10:50,41784,19.8,72.8
2025/9/11 10:55,18650,20.9,64.9
2025/9/11 11:00,37727,15.6,78.1
2025/9/11 11:05,41210,20.3,78.5
2025/9/11 11:10,33453,20.1,78.3
2025/9/11 11:15,51745,18.7,78.3
2025/9/11 11:20,34196,21.1,72.6
2025/9/11 11:25,34657,20.6,85.5
2025/9/11 11:30,40656,18.3,77.9
2025/9/11 11:35,31826,18,76.3
2025/9/11 11:40,42339,21,72.3
2025/9/11 11:45,34009,20.1,78.8
2025/9/11 11:50,35061,19.5,78.6
2025/9/11 11:55,31418,20.1,79.8
2025/9/11 12:00,39180,29.2,51.3
2025/9/11 12:05,32413,20.6,68.2
2025/9/11 12:10,30157,26.7,63
2025/9/11 12:15,38110,29.5,50.1
2025/9/11 12:20,43556,29.6,54.4
2025/9/11 12:25,56197,27.2,47.5
2025/9/11 12:30,50342,29.1,54.3
2025/9/11 12:35,25139,32.5,42.4
2025/9/11 12:40,22234,27.9,59.8
2025/9/11 12:45,36581,27.3,56.8
2025/9/11 12:50,28754,24.6,74.1
2025/9/11 12:55,38148,30.8,46.5
2025/9/11 13:00,44315,24,75.2
2025/9/11 13:05,45554,28.9,52.2
2025/9/11 13:10,36300,27.3,58.4
2025/9/11 13:15,32724,32.6,45.2
2025/9/11 13:20,38061,28.4,53.6
2025/9/11 13:25,37342,28.3,51.3
2025/9/11 13:30,47338,29.5,51.4
2025/9/11 13:35,40721,29.9,48.8
2025/9/11 13:40,34276,33.1,43.2
2025/9/11 13:45,44214,28.9,52.8
2025/9/11 13:50,40215,28.2,58.7
2025/9/11 13:55,52266,28.1,57.8
2025/9/11 14:00,35337,28.2,51.2
2025/9/11 14:05,67854,29.9,50.1
2025/9/11 14:10,60060,26.2,49.7
2025/9/11 14:15,52352,27,51.3
2025/9/11 14:20,51202,25.9,56.8
2025/9/11 14:25,44872,29.8,53.7
2025/9/11 14:30,48924,30.5,51
2025/9/11 14:35,49082,29.7,48.3
2025/9/11 14:40,38769,26,55.1
2025/9/11 14:45,49828,26.7,61.9
2025/9/11 14:50,53172,28.4,52.6
2025/9/11 14:55,43098,27.7,59.5
2025/9/11 15:00,46904,26.4,52.9
2025/9/11 15:05,42408,24.5,70.8
2025/9/11 15:10,44821,21.8,74.3
2025/9/11 15:15,42636,25.4,66.2
2025/9/11 15:20,35988,24.6,72.1
2025/9/11 15:25,31675,32.1,40.8
2025/9/11 15:30,31437,22.4,73.3
2025/9/11 15:35,42633,29.4,52.3
2025/9/11 15:40,51344,22.1,72.5
2025/9/11 15:45,44317,25.6,46.5
2025/9/11 15:50,47226,26.2,48.4
2025/9/11 15:55,38856,29.3,54.5
2025/9/11 16:00,37354,26.5,57.7
2025/9/11 16:05,46166,22.9,79.3
2025/9/11 16:10,31793,28.2,54.1
2025/9/11 16:15,31372,30.3,47.4
2025/9/11 16:20,42328,26.5,54.4
2025/9/11 16:25,30408,26.3,59.1
2025/9/11 16:30,63485,24.8,68.2
2025/9/11 16:35,43327,29.6,60
2025/9/11 16:40,31552,27.2,57.1
2025/9/11 16:45,56546,30,48.7
2025/9/11 16:50,39184,25.5,62.8
2025/9/11 16:55,45235,27.1,58.4
2025/9/11 17:00,43645,20.8,71.5
2025/9/11 17:05,33461,16.9,79.6
2025/9/11 17:10,34406,18.5,71.6
2025/9/11 17:15,52669,20.9,77.6
2025/9/11 17:20,46433,18.4,85.4
2025/9/11 17:25,33391,20.7,81.3
2025/9/11 17:30,47181,25.2,53.6
2025/9/11 17:35,42742,29,53.3
2025/9/11 17:40,42579,17.8,82.2
2025/9/11 17:45,47680,17.6,87.9
2025/9/11 17:50,41987,16.6,79.2
2025/9/11 17:55,47945,22.6,72.8
2025/9/11 18:00,49096,21.1,79.7
2025/9/11 18:05,28137,19.5,83.7
2025/9/11 18:10,24497,19.3,83.4
2025/9/11 18:15,29772,19.5,84.4
2025/9/11 18:20,33179,18.7,78.5
2025/9/11 18:25,44600,19.6,80.8
2025/9/11 18:30,39582,20.2,78.1
2025/9/11 18:35,28243,20.4,76.9
2025/9/11 18:40,23733,18.6,70.5
2025/9/11 18:45,38759,20.5,82.7
2025/9/11 18:50,27961,18,79
2025/9/11 18:55,32894,19.3,82.4
2025/9/11 19:00,44,17.9,82.8
2025/9/11 19:05,14,19.3,86.9
2025/9/11 19:10,3,19.5,67.2
2025/9/11 19:15,16,21.2,77.6
2025/9/11 19:20,40,20.3,82.9
2025/9/11 19:25,15,16.7,77.9
2025/9/11 19:30,14,19.9,78.2
2025/9/11 19:35,26,19.6,70.6
2025/9/11 19:40,40,19,86.9
2025/9/11 19:45,16,17.8,80.5
2025/9/11 19:50,47,20.9,79.8
2025/9/11 19:55,26,21.2,72.9
2025/9/11 20:00,11,18.2,88.6
2025/9/11 20:05,4,21.7,75.1
2025/9/11 20:10,8,22.7,65.9
2025/9/11 20:15,48,17.3,70.7
2025/9/11 20:20,4,28.3,65.1
2025/9/11 20:25,45,18.7,80.4
2025/9/11 20:30,48,20.1,73.3
2025/9/11 20:35,20,20.6,70.3
2025/9/11 20:40,25,20.4,73.3
2025/9/11 20:45,43,17.3,80.1
2025/9/11 20:50,38,21.8,70.9
2025/9/11 20:55,16,21.4,75.1
2025/9/11 21:00,10,18,78.5
2025/9/11 21:05,23,19.7,65.9
2025/9/11 21:10,40,17.1,79.7
2025/9/11 21:15,2,17.4,85.4
2025/9/11 21:20,12,20.8,78.1
2025/9/11 21:25,21,18.6,74.8
2025/9/11 21:30,19,20.4,80.7
2025/9/11 21:35,47,24,77.2
2025/9/11 21:40,20,22.7,78.5
2025/9/11 21:45,16,19.7,73.6
2025/9/11 21:50,47,16,82.2
2025/9/11 21:55,25,21.9,71.7
2025/9/11 22:00,34,20.2,74.3
2025/9/11 22:05,7,20.8,74.8
2025/9/11 22:10,38,10,99.2
2025/9/11 22:15,34,20.2,77.4
2025/9/11 22:20,20,20.3,79.2
2025/9/11 22:25,6,19.2,83.8
2025/9/11 22:30,24,20.9,69.8
2025/9/11 22:35,21,15.6,92.1
2025/9/11 22:40,41,20.3,70.1
2025/9/11 22:45,42,19,83.2
2025/9/11 22:50,24,19.5,77.5
2025/9/11 22:55,29,21.3,76.8
2025/9/11 23:00,31,21,79.1
2025/9/11 23:05,19,18.5,76.4
2025/9/11 23:10,40,18.3,77
2025/9/11 23:15,43,19.6,77.5
2025/9/11 23:20,37,22.6,74.7
2025/9/11 23:25,40,19.7,90.5
2025/9/11 23:30,49,17.9,78.9
2025/9/11 23:35,14,23.4,80.7
2025/9/11 23:40,42,19.3,70.2
2025/9/11 23:45,33,19,85.6
2025/9/11 23:50,8,19.7,81.1
2025/9/11 23:55,1,19.9,70.4
2025/9/12 0:00,26,19.9,81.5
2025/9/12 0:05,6,18.8,83
2025/9/12 0:10,46,20.1,80.8
2025/9/12 0:15,39,20.5,71.8
2025/9/12 0:20,25,19.3,76.7
2025/9/12 0:25,22,18.7,80.4
2025/9/12 0:30,9,23.8,76.9
2025/9/12 0:35,37,22.3,70.4
2025/9/12 0:40,24,22.4,81.6
2025/9/12 0:45,4,18.5,81.7
2025/9/12 0:50,30,30.6,58.8
2025/9/12 0:55,13,21,74.4
2025/9/12 1:00,36,19.7,81.8
2025/9/12 1:05,26,20.4,74.8
2025/9/12 1:10,45,20.2,72
2025/9/12 1:15,21,18.4,79.7
2025/9/12 1:20,16,19.8,78.7
2025/9/12 1:25,34,19.9,71.4
2025/9/12 1:30,43,23,78.6
2025/9/12 1:35,47,20.7,74.1
2025/9/12 1:40,47,21.9,78.8
2025/9/12 1:45,22,22.7,76.4
2025/9/12 1:50,48,19.4,81.1
2025/9/12 1:55,26,16.1,81.4
2025/9/12 2:00,36,18.5,73.6
2025/9/12 2:05,36,11.6,88.6
2025/9/12 2:10,24,14.5,90.1
2025/9/12 2:15,5,15.5,84.2
2025/9/12 2:20,11,11.8,89.8
2025/9/12 2:25,39,13.5,90.9
2025/9/12 2:30,30,15.1,72.9
2025/9/12 2:35,28,17.6,63.4
2025/9/12 2:40,41,12.8,88.9
2025/9/12 2:45,47,14.7,88
2025/9/12 2:50,26,13.8,83.1
2025/9/12 2:55,19,14.6,92.7
2025/9/12 3:00,13,12.6,88.8
2025/9/12 3:05,28,15.6,84.8
2025/9/12 3:10,47,13.9,84.8
2025/9/12 3:15,45,14.7,85.3
2025/9/12 3:20,2,11,93.7
2025/9/12 3:25,31,15.7,88.2
2025/9/12 3:30,41,11.4,91.7
2025/9/12 3:35,33,14.7,86.2
2025/9/12 3:40,43,14.6,87.5
2025/9/12 3:45,16,13.7,87.3
2025/9/12 3:50,36,11.8,88
2025/9/12 3:55,33,14.4,73.9
2025/9/12 4:00,16,15.2,86.4
2025/9/12 4:05,22,14.2,89.8
2025/9/12 4:10,38,17.6,90.8
2025/9/12 4:15,7,12.5,91.4
2025/9/12 4:20,27,15.2,84.4
2025/9/12 4:25,36,12.5,88.6
2025/9/12 4:30,8,10.5,90.7
2025/9/12 4:35,6,11.7,87.4
2025/9/12 4:40,2,16.9,78.8
2025/9/12 4:45,48,11.2,92
2025/9/12 4:50,3,13.5,95
2025/9/12 4:55,12,11.9,95
2025/9/12 5:00,3,13.9,83.6
2025/9/12 5:05,9,12.2,91
2025/9/12 5:10,47,10.6,93
2025/9/12 5:15,2,16.7,76.1
2025/9/12 5:20,47,18.2,75.9
2025/9/12 5:25,26,14.3,77.6
2025/9/12 5:30,35,14.7,87.7
2025/9/12 5:35,25,12.5,89.6
2025/9/12 5:40,49,15.8,87.3
2025/9/12 5:45,27,14.9,91.1
2025/9/12 5:50,25,12.4,90.5
2025/9/12 5:55,34,13.4,88.7
2025/9/12 6:00,10259,16.4,78.8
2025/9/12 6:05,20705,18.7,82.4
2025/9/12 6:10,17612,11.7,89.4
2025/9/12 6:15,20138,11.5,91.7
2025/9/12 6:20,15587,16.6,83.5
2025/9/12 6:25,18320,11.6,84.1
2025/9/12 6:30,21433,12.6,81.1
2025/9/12 6:35,11504,14.9,91.7
2025/9/12 6:40,16314,13.9,87.9
2025/9/12 6:45,18119,13.2,95
2025/9/12 6:50,11106,14,85
2025/9/12 6:55,17474,12.5,93.6
2025/9/12 7:00,20393,18.8,76
2025/9/12 7:05,19790,20.7,72
2025/9/12 7:10,24658,18.2,86.6
2025/9/12 7:15,18492,21.6,68.8
2025/9/12 7:20,11943,22.8,76.7
2025/9/12 7:25,16098,17.2,79.3
2025/9/12 7:30,12576,19.3,77.4
2025/9/12 7:35,26291,22.2,72.3
2025/9/12 7:40,15773,22.2,74.4
2025/9/12 7:45,28022,19,89.4
2025/9/12 7:50,22155,17.8,68
2025/9/12 7:55,22550,21,75.6
2025/9/12 8:00,25381,20.2,68.9
2025/9/12 8:05,20591,21.3,70.1
2025/9/12 8:10,26848,17.9,80.1
2025/9/12 8:15,29159,21.3,76.4
2025/9/12 8:20,27319,18.2,77.4
2025/9/12 8:25,30398,20.2,65.6
2025/9/12 8:30,21635,22.6,80.4
2025/9/12 8:35,35317,17.4,85.3
2025/9/12 8:40,24481,19.2,84.9
2025/9/12 8:45,26004,18.8,85.1
2025/9/12 8:50,19569,19.1,79.5
2025/9/12 8:55,22629,18.6,83.6
2025/9/12 9:00,30490,20.2,85.9
2025/9/12 9:05,23344,18.4,90.4
2025/9/12 9:10,47793,21.8,77.8
2025/9/12 9:15,33612,20.7,73.5
2025/9/12 9:20,28370,19.2,72.9
2025/9/12 9:25,29812,23.3,75.7
2025/9/12 9:30,34878,22.4,74.4
2025/9/12 9:35,22989,23.2,69.9
2025/9/12 9:40,31892,21.5,79.9
2025/9/12 9:45,21906,21.7,75.8
2025/9/12 9:50,23053,21.1,68.4
2025/9/12 9:55,35631,18.1,77.6
2025/9/12 10:00,22814,18.8,69.8
2025/9/12 10:05,28490,19.9,79.9
2025/9/12 10:10,24464,20.5,77.4
2025/9/12 10:15,44522,19.7,82.8
2025/9/12 10:20,31517,23.3,64.4
2025/9/12 10:25,38195,19.4,79
2025/9/12 10:30,28461,20.3,76.8
2025/9/12 10:35,29346,16.7,80.3
2025/9/12 10:40,32968,23.9,68.6
2025/9/12 10:45,25448,21.6,79.2
2025/9/12 10:50,30215,24.1,69.6
2025/9/12 10:55,32700,20,85.2
2025/9/12 11:00,41034,17.3,85.3
2025/9/12 11:05,37731,20.7,84
2025/9/12 11:10,47362,25.6,66.5
2025/9/12 11:15,38364,20.1,81
2025/9/12 11:20,28644,19.9,81.5
2025/9/12 11:25,40782,21.7,72.5
2025/9/12 11:30,32611,21.1,79.2
2025/9/12 11:35,35989,23.4,68.5
2025/9/12 11:40,40172,22.6,71.4
2025/9/12 11:45,34001,23.1,74.5
2025/9/12 11:50,25922,18.7,75.6
2025/9/12 11:55,34339,20.5,76.5
2025/9/12 12:00,41028,28.7,56.1
2025/9/12 12:05,37070,21.2,92.3
2025/9/12 12:10,33532,28.7,46.9
2025/9/12 12:15,40659,27,46.6
2025/9/12 12:20,42060,25.8,63.6
2025/9/12 12:25,28384,25.7,60.5
2025/9/12 12:30,44250,25.5,61.8
2025/9/12 12:35,35385,29.4,45
2025/9/12 12:40,49631,25.7,64.5
2025/9/12 12:45,49386,25.5,57.7
2025/9/12 12:50,52201,28.1,49.8
2025/9/12 12:55,29282,28.1,53.9
2025/9/12 13:00,42900,27.9,54.1
2025/9/12 13:05,53992,32,57
2025/9/12 13:10,65476,25.3,55.5
2025/9/12 13:15,39228,25.8,56.7
2025/9/12 13:20,54384,29.3,50.6
2025/9/12 13:25,38779,23,73.5
2025/9/12 13:30,48863,30.6,42.5
2025/9/12 13:35,32941,26.9,64.8
2025/9/12 13:40,45961,29.3,47
2025/9/12 13:45,48759,24,69.5
2025/9/12 13:50,46008,24.4,78.9
2025/9/12 13:55,55829,28.6,58.1
2025/9/12 14:00,44450,25.8,60.5
2025/9/12 14:05,55504,33.4,52.2
2025/9/12 14:10,44638,22.3,65.1
2025/9/12 14:15,30750,27.1,54
2025/9/12 14:20,31721,27.9,65.9
2025/9/12 14:25,32665,28.3,58.3
2025/9/12 14:30,34541,32.7,42.6
2025/9/12 14:35,46163,34.5,31.7
2025/9/12 14:40,40711,24.1,66.9
2025/9/12 14:45,30228,32.3,45.5
2025/9/12 14:50,55794,27.9,53.8
2025/9/12 14:55,61919,28.6,57.6
2025/9/12 15:00,49549,26.1,59.3
2025/9/12 15:05,39410,31.1,47.7
2025/9/12 15:10,37133,28.2,49.8
2025/9/12 15:15,45564,33.3,38.1
2025/9/12 15:20,37358,29.5,53.7
2025/9/12 15:25,47960,24.3,66.8
2025/9/12 15:30,64922,28.9,50.3
2025/9/12 15:35,23755,30.3,50.7
2025/9/12 15:40,33971,27,63.1
2025/9/12 15:45,49073,28.5,49.8
2025/9/12 15:50,43123,30.9,53
2025/9/12 15:55,46699,25.7,56.7
2025/9/12 16:00,36774,28.3,58
2025/9/12 16:05,38532,24.9,72.3
2025/9/12 16:10,30326,28.2,54.2
2025/9/12 16:15,41487,25.2,62.8
2025/9/12 16:20,31678,30.1,57
2025/9/12 16:25,37479,32.3,44.3
2025/9/12 16:30,30473,30,45.4
2025/9/12 16:35,30928,25.4,55.8
2025/9/12 16:40,47671,31.4,37.5
2025/9/12 16:45,47828,30.6,43.4
2025/9/12 16:50,38519,31.6,40.6
2025/9/12 16:55,44863,27.5,62.7
2025/9/12 17:00,44680,19.8,84
2025/9/12 17:05,37442,17.1,79.5
2025/9/12 17:10,33624,21.2,82.7
2025/9/12 17:15,38333,17.4,85
2025/9/12 17:20,36641,20.2,80.7
2025/9/12 17:25,34164,19.1,87.9
2025/9/12 17:30,36423,19.7,78.1
2025/9/12 17:35,38068,16.7,77.3
2025/9/12 17:40,58350,17.9,73.9
2025/9/12 17:45,43009,20,75.8
2025/9/12 17:50,53594,16.9,72.2
2025/9/12 17:55,26256,21.8,77.3
2025/9/12 18:00,44732,23.6,70.9
2025/9/12 18:05,18890,19.3,76.2
2025/9/12 18:10,42832,22.5,72.9
2025/9/12 18:15,42689,20.1,79.5
2025/9/12 18:20,49405,17.1,79.3
2025/9/12 18:25,34114,17.5,83.4
2025/9/12 18:30,40898,21.5,65.5
2025/9/12 18:35,34973,18.1,89
2025/9/12 18:40,28680,21.6,75.7
2025/9/12 18:45,26001,18.2,81.7
2025/9/12 18:50,32440,21,78.6
2025/9/12 18:55,44359,23,67.8
2025/9/12 19:00,20,20.1,80
2025/9/12 19:05,6,21.9,81.4
2025/9/12 19:10,48,19.5,81
2025/9/12 19:15,27,21.1,71.5
2025/9/12 19:20,20,19.6,73
2025/9/12 19:25,19,19,78.3
2025/9/12 19:30,22,21,73.5
2025/9/12 19:35,24,21.9,67.7
2025/9/12 19:40,12,19.1,75.9
2025/9/12 19:45,26,21.8,73.2
2025/9/12 19:50,17,19,72.8
2025/9/12 19:55,34,21.2,67.3
2025/9/12 20:00,10,21.3,74.9
2025/9/12 20:05,33,18.9,77.3
2025/9/12 20:10,15,19.3,76.8
2025/9/12 20:15,1,15.9,88.6
2025/9/12 20:20,28,17.7,75.8
2025/9/12 20:25,44,19.4,82.2
2025/9/12 20:30,18,20.5,71.8
2025/9/12 20:35,10,22.8,72.2
2025/9/12 20:40,5,23.6,74.3
2025/9/12 20:45,31,20.9,72.2
2025/9/12 20:50,1,16.5,78.1
2025/9/12 20:55,11,21.6,76
2025/9/12 21:00,46,17.5,90.2
2025/9/12 21:05,13,20.1,78.4
2025/9/12 21:10,4,21.1,72.4
2025/9/12 21:15,41,22.6,65.7
2025/9/12 21:20,17,21.2,88.4
2025/9/12 21:25,25,16.3,76
2025/9/12 21:30,17,21.8,66.1
2025/9/12 21:35,22,21,76.1
2025/9/12 21:40,4,21.2,72.4
2025/9/12 21:45,31,19.6,78.4
2025/9/12 21:50,39,21.8,69.7
2025/9/12 21:55,2,18.9,76.7
2025/9/12 22:00,21,13.5,93.2
2025/9/12 22:05,1,16.9,90
2025/9/12 22:10,43,21.2,77.8
2025/9/12 22:15,7,18,83.8
2025/9/12 22:20,3,19.7,78.6
2025/9/12 22:25,43,23.3,71.3
2025/9/12 22:30,40,22.8,71.6
2025/9/12 22:35,47,14,81.1
2025/9/12 22:40,41,17.4,82.5
2025/9/12 22:45,48,21.5,78.2
2025/9/12 22:50,23,22.1,76.7
2025/9/12 22:55,43,17.2,82.8
2025/9/12 23:00,14,18.7,79.7
2025/9/12 23:05,41,19.3,76
2025/9/12 23:10,26,19.4,86.1
2025/9/12 23:15,31,15.9,77.4
2025/9/12 23:20,29,17.7,79
2025/9/12 23:25,29,21,62.6
2025/9/12 23:30,33,19.1,82.1
2025/9/12 23:35,49,21.9,66.1
2025/9/12 23:40,30,21.8,78.2
2025/9/12 23:45,29,22.3,73.3
2025/9/12 23:50,25,20.3,80.6
2025/9/12 23:55,23,20.1,69.2
2025/9/13 0:00,22,16.9,81.4
2025/9/13 0:05,29,19,81.2
2025/9/13 0:10,11,19.6,76.3
2025/9/13 0:15,7,19.9,71.1
2025/9/13 0:20,48,18.4,71.9
2025/9/13 0:25,21,18.6,76.3
2025/9/13 0:30,9,22,83.6
2025/9/13 0:35,39,18.9,80.8
2025/9/13 0:40,47,20.5,72
2025/9/13 0:45,16,22.7,70.3
2025/9/13 0:50,22,15.3,85.5
2025/9/13 0:55,14,18.2,79.1
2025/9/13 1:00,4,33.1,59.4
2025/9/13 1:05,36,19.5,79.1
2025/9/13 1:10,9,19.3,79.9
2025/9/13 1:15,9,17.1,82.9
2025/9/13 1:20,15,19.9,74.1
2025/9/13 1:25,46,18.6,76.7
2025/9/13 1:30,34,18.7,75.3
2025/9/13 1:35,23,19.5,84.2
2025/9/13 1:40,21,19.1,79
2025/9/13 1:45,34,20.5,78
2025/9/13 1:50,39,15.3,86.9
2025/9/13 1:55,24,20.8,81.2
2025/9/13 2:00,33,16.3,70.6
2025/9/13 2:05,19,15.3,81
2025/9/13 2:10,34,15.8,80.4
2025/9/13 2:15,9,16.3,86.7
2025/9/13 2:20,27,11.4,88.4
2025/9/13 2:25,14,15.5,82.1
2025/9/13 2:30,9,13.5,86.4
2025/9/13 2:35,44,14.5,78.2
2025/9/13 2:40,38,29.3,61.2
2025/9/13 2:45,27,10.8,93.4
2025/9/13 2:50,21,15.7,86.1
2025/9/13 2:55,20,13.1,92
2025/9/13 3:00,21,15.4,82.6
2025/9/13 3:05,5,16.4,82.9
2025/9/13 3:10,14,14.5,89.3
2025/9/13 3:15,11,14.4,83.6
2025/9/13 3:20,40,19.7,73.4
2025/9/13 3:25,21,13.2,83.2
2025/9/13 3:30,22,14.9,82.7
2025/9/13 3:35,21,15.6,76.9
2025/9/13 3:40,27,14.8,83.3
2025/9/13 3:45,21,15.1,82.1
2025/9/13 3:50,35,14.5,82.1
2025/9/13 3:55,7,11.1,90.8
2025/9/13 4:00,7,11,100
2025/9/13 4:05,17,10.7,95
2025/9/13 4:10,9,12.3,100
2025/9/13 4:15,29,20.9,71.2
2025/9/13 4:20,16,13.4,83
2025/9/13 4:25,25,15.9,82.2
2025/9/13 4:30,33,17.6,80.2
2025/9/13 4:35,35,14.6,90.8
2025/9/13 4:40,11,17.4,79.9
2025/9/13 4:45,11,11.7,85.5
2025/9/13 4:50,13,11.6,85.7
2025/9/13 4:55,4,15.6,80
2025/9/13 5:00,22,15.1,81.5
2025/9/13 5:05,5,12,91.7
2025/9/13 5:10,48,13.8,89.5
2025/9/13 5:15,25,16.2,83.5
2025/9/13 5:20,40,13.8,81.9
2025/9/13 5:25,13,11.7,95
2025/9/13 5:30,49,16.1,79.7
2025/9/13 5:35,43,17.3,75.1
2025/9/13 5:40,25,14.5,86.9
2025/9/13 5:45,3,15.7,80.4
2025/9/13 5:50,7,12.8,88.4
2025/9/13 5:55,13,15.9,83.6
2025/9/13 6:00,25786,13.2,86.4
2025/9/13 6:05,18729,14.5,90.6
2025/9/13 6:10,12823,17.3,78.4
2025/9/13 6:15,19032,14.6,89.1
2025/9/13 6:20,14140,13.3,95
2025/9/13 6:25,17410,21.2,76.2
2025/9/13 6:30,24467,14.9,86.3
2025/9/13 6:35,20494,14.7,85.1
2025/9/13 6:40,15736,14.3,86.6
2025/9/13 6:45,17226,18.4,80
2025/9/13 6:50,26241,11.4,93.7
2025/9/13 6:55,19061,14.2,82.8
2025/9/13 7:00,16549,23.3,77.5
2025/9/13 7:05,20340,21.5,80.6
2025/9/13 7:10,26538,19.9,76.3
2025/9/13 7:15,22984,20.7,67.6
2025/9/13 7:20,26288,20.1,80.3
2025/9/13 7:25,29527,22.8,80.5
2025/9/13 7:30,27015,22.2,85.4
2025/9/13 7:35,10461,24.2,63.1
2025/9/13 7:40,28232,20.1,85.5
2025/9/13 7:45,30517,16.6,79.9
2025/9/13 7:50,30385,21.6,73.9
2025/9/13 7:55,26974,16.2,79.3
2025/9/13 8:00,29985,19.7,69.8
2025/9/13 8:05,28893,19.7,77.5
2025/9/13 8:10,31033,21,73.8
2025/9/13 8:15,29503,19.6,78
2025/9/13 8:20,33988,21.3,67.8
2025/9/13 8:25,29463,22.9,62.7
2025/9/13 8:30,18865,22.9,79.6
2025/9/13 8:35,33261,21.8,74
2025/9/13 8:40,21947,18.4,70.5
2025/9/13 8:45,24880,20.6,80.9
2025/9/13 8:50,18405,22,74.2
2025/9/13 8:55,40159,17.4,74.4
2025/9/13 9:00,27724,19,72.7
2025/9/13 9:05,34099,16.2,82.5
2025/9/13 9:10,23320,21.3,66.2
2025/9/13 9:15,23680,22,72.3
2025/9/13 9:20,24125,20.7,75
2025/9/13 9:25,19416,23.6,62.4
2025/9/13 9:30,30122,21.7,78.6
2025/9/13 9:35,18715,18.7,82
2025/9/13 9:40,25938,22.7,65.2
2025/9/13 9:45,27614,20.5,79.1
2025/9/13 9:50,36925,19.1,82.8
2025/9/13 9:55,34400,18.9,68.8
2025/9/13 10:00,26531,19,73.1
2025/9/13 10:05,44728,23.8,71.2
2025/9/13 10:10,28905,20.4,82.8
2025/9/13 10:15,19895,21.6,70.3
2025/9/13 10:20,34012,18.7,80.5
2025/9/13 10:25,32633,15.5,94.9
2025/9/13 10:30,33012,20.9,86.6
2025/9/13 10:35,29272,20.7,75.9
2025/9/13 10:40,32894,19.6,78.8
2025/9/13 10:45,42711,20.9,83.6
2025/9/13 10:50,47151,19.1,87.5
2025/9/13 10:55,32546,17.6,72.4
2025/9/13 11:00,33571,25.5,52.6
2025/9/13 11:05,34893,20.6,79.9
2025/9/13 11:10,36716,22,76.5
2025/9/13 11:15,34192,19,80.4
2025/9/13 11:20,39817,18.2,79.3
2025/9/13 11:25,32531,28.5,61
2025/9/13 11:30,43332,22.5,77.3
2025/9/13 11:35,47738,24.2,65.2
2025/9/13 11:40,35015,18.7,81.4
2025/9/13 11:45,44515,19,78.7
2025/9/13 11:50,41111,24.4,75.4
2025/9/13 11:55,33419,18.9,87.7
2025/9/13 12:00,50818,26.7,66.4
2025/9/13 12:05,37703,31.7,52
2025/9/13 12:10,37829,30.5,45.9
2025/9/13 12:15,30565,23.6,75.6
2025/9/13 12:20,29280,25,67.7
2025/9/13 12:25,40576,34.2,42
2025/9/13 12:30,37682,27.3,53.1
2025/9/13 12:35,32254,34,43.4
2025/9/13 12:40,28488,25.1,63
2025/9/13 12:45,37106,30.7,56
2025/9/13 12:50,38501,23.5,84.1
2025/9/13 12:55,48605,27.2,53.3
2025/9/13 13:00,63402,27.4,59.5
2025/9/13 13:05,38858,23.8,67.7
2025/9/13 13:10,55696,21,73.5
2025/9/13 13:15,58699,26.1,61.2
2025/9/13 13:20,35357,28,50.2
2025/9/13 13:25,53805,30.3,54.1
2025/9/13 13:30,40036,31.9,47.2
2025/9/13 13:35,48053,34,39.8
2025/9/13 13:40,51057,31.4,45.6
2025/9/13 13:45,39938,28.9,54.5
2025/9/13 13:50,49510,34.6,34.3
2025/9/13 13:55,44222,38.4,35.9
2025/9/13 14:00,57666,28.6,52.3
2025/9/13 14:05,43343,38.4,34
2025/9/13 14:10,54470,29.1,50.4
2025/9/13 14:15,29650,37.4,30.3
2025/9/13 14:20,49623,22.3,72.4
2025/9/13 14:25,34462,23.8,72.6
2025/9/13 14:30,55458,29.6,46.9
2025/9/13 14:35,44478,28.6,44.2
2025/9/13 14:40,64877,31.7,50.5
2025/9/13 14:45,40645,28.6,54.8
2025/9/13 14:50,35801,20.5,82.4
2025/9/13 14:55,51836,26.1,51.1
2025/9/13 15:00,32462,24.4,65.9
2025/9/13 15:05,45559,26.5,60.1
2025/9/13 15:10,31990,32.2,52.4
2025/9/13 15:15,42019,21.2,76.7
2025/9/13 15:20,40583,29.7,48.8
2025/9/13 15:25,47792,27.2,52.5
2025/9/13 15:30,44630,29.4,51.3
2025/9/13 15:35,23141,25.1,57.3
2025/9/13 15:40,18923,28.4,53.6
2025/9/13 15:45,29806,30,50.5
2025/9/13 15:50,44246,25.2,60.4
2025/9/13 15:55,32136,28.9,49.9
2025/9/13 16:00,54263,27.3,47.3
2025/9/13 16:05,32363,27.7,56.9
2025/9/13 16:10,48127,26.6,66.9
2025/9/13 16:15,32856,27.6,52.6
2025/9/13 16:20,36548,21.3,75.4
2025/9/13 16:25,35861,30.7,55.3
2025/9/13 16:30,40095,25.5,64.9
2025/9/13 16:35,42471,28.8,62
2025/9/13 16:40,46842,28.8,50.6
2025/9/13 16:45,49545,23.8,66.2
2025/9/13 16:50,42904,22.1,71.8
2025/9/13 16:55,43909,31.6,43.9
2025/9/13 17:00,32699,22.5,73.5
2025/9/13 17:05,19817,17.9,73.5
2025/9/13 17:10,46419,22,67.2
2025/9/13 17:15,37260,18.7,83.5
2025/9/13 17:20,40473,20.8,75.1
2025/9/13 17:25,27474,22.7,70.1
2025/9/13 17:30,44957,19.6,72.7
2025/9/13 17:35,34773,20.2,73.5
2025/9/13 17:40,34684,19.9,67.5
2025/9/13 17:45,37589,23.6,66.7
2025/9/13 17:50,27653,20.4,74.4
2025/9/13 17:55,32500,26.3,61.6
2025/9/13 18:00,42712,21.1,71.5
2025/9/13 18:05,28785,21.2,71.4
2025/9/13 18:10,41757,21.3,71.2
2025/9/13 18:15,45811,23.8,62.7
2025/9/13 18:20,20521,20.2,78.3
2025/9/13 18:25,44081,17.8,75.5
2025/9/13 18:30,34556,20.8,75.1
2025/9/13 18:35,43044,21.6,70.9
2025/9/13 18:40,30290,21.8,71.9
2025/9/13 18:45,42818,19.7,77.7
2025/9/13 18:50,37340,18.9,78.6
2025/9/13 18:55,24177,17.9,76.3
2025/9/13 19:00,39,24.1,69.8
2025/9/13 19:05,48,18.4,82.6
2025/9/13 19:10,7,20.2,85.5
2025/9/13 19:15,30,21.1,68.8
2025/9/13 19:20,43,18.1,84.8
2025/9/13 19:25,15,18.5,78.3
2025/9/13 19:30,11,19.2,74.6
2025/9/13 19:35,29,19.8,79.5
2025/9/13 19:40,49,20.8,73
2025/9/13 19:45,21,19.7,85.1
2025/9/13 19:50,20,16.7,89.1
2025/9/13 19:55,47,22.3,75.3
2025/9/13 20:00,25,18.8,79.4
2025/9/13 20:05,29,20.2,80.3
2025/9/13 20:10,39,19.7,76.5
2025/9/13 20:15,39,22.4,80.9
2025/9/13 20:20,6,19.5,81.8
2025/9/13 20:25,35,17.8,92.4
2025/9/13 20:30,32,21,81.7
2025/9/13 20:35,40,25.7,50
2025/9/13 20:40,20,22.3,69.5
2025/9/13 20:45,50,21.3,70.5
2025/9/13 20:50,42,22.4,65.1
2025/9/13 20:55,49,20.9,73
2025/9/13 21:00,4,15.5,87.7
2025/9/13 21:05,26,18.1,78.8
2025/9/13 21:10,14,16,84.1
2025/9/13 21:15,4,20.1,74.6
2025/9/13 21:20,21,16.9,87
2025/9/13 21:25,34,19.6,78.9
2025/9/13 21:30,36,21.2,80.4
2025/9/13 21:35,34,19.2,77.6
2025/9/13 21:40,46,21.2,74
2025/9/13 21:45,2,20.5,75.4
2025/9/13 21:50,23,17.4,78.9
2025/9/13 21:55,31,18.1,80.7
2025/9/13 22:00,42,18.6,78
2025/9/13 22:05,5,24.8,68.8
2025/9/13 22:10,47,17,86.8
2025/9/13 22:15,13,14.3,88.8
2025/9/13 22:20,19,18.3,77.5
2025/9/13 22:25,38,17.9,84.3
2025/9/13 22:30,24,19.1,93.8
2025/9/13 22:35,5,18,82.5
2025/9/13 22:40,48,19.2,75.3
2025/9/13 22:45,42,20,79.9
2025/9/13 22:50,16,15.8,86.9
2025/9/13 22:55,41,16.1,80.6
2025/9/13 23:00,6,19.2,81.6
2025/9/13 23:05,17,20.7,70.6
2025/9/13 23:10,2,23,76.4
2025/9/13 23:15,36,25.8,69.8
2025/9/13 23:20,13,19.4,80.7
2025/9/13 23:25,33,20.3,80.8
2025/9/13 23:30,15,19,79.7
2025/9/13 23:35,11,23.3,74.2
2025/9/13 23:40,0,20.5,83.6
2025/9/13 23:45,26,15.2,78.8
2025/9/13 23:50,16,16.4,85.1
2025/9/13 23:55,34,20.8,84.6
